chrI	9074	12019	YAL065C	.	-	11565	11951	255,0,0	chrI	12019	13812	YAL064W-B	.	+	12046	12426	255,0,0	-1
chrI	12019	13812	YAL064W-B	.	+	12046	12426	255,0,0	chrI	9074	12019	YAL065C	.	-	11565	11951	255,0,0	-1
chrI	57545	57935	YAL044W-A	.	+	57518	57850	255,0,0	chrI	56921	57338	YAL046C	.	-	57029	57385	255,0,0	-208
chrI	114863	118349	YAL019W	.	+	114919	118314	255,0,0	chrI	113565	114593	YAL020C	.	-	113614	114615	255,0,0	-271
chrI	134119	135654	YAL010C	.	-	134184	135665	255,0,0	chrI	135869	136703	YAL009W	.	+	135854	136633	255,0,0	-216
chrI	154993	156013	YAR003W	.	+	155005	156285	255,0,0	chrI	154008	154715	YAR002C-A	.	-	154065	154724	255,0,0	-279
chrI	156711	158648	YAR007C	.	-	156754	158619	255,0,0	chrI	158909	159856	YAR008W	.	+	158966	159793	255,0,0	-262
chrI	158909	159856	YAR008W	.	+	158966	159793	255,0,0	chrI	156711	158648	YAR007C	.	-	156754	158619	255,0,0	-262
chrI	185274	186795	YAR030C	.	-	186512	186853	255,0,0	chrI	186795	189625	YAR031W	.	+	186836	187732	255,0,0	-1
chrI	186795	189625	YAR031W	.	+	186836	187732	255,0,0	chrI	185274	186795	YAR030C	.	-	186512	186853	255,0,0	-1
chrI	192621	199933	YAR042W	.	+	192619	196185	255,0,0	chrI	192299	192319	YAR035C-A	.	-	192337	192417	255,0,0	-303
chrII	21812	23580	YBL103C	.	-	22076	23536	255,0,0	chrII	24022	24816	YBL102W	.	+	24098	24745	255,0,0	-443
chrII	24912	28348	YBL101C	.	-	24946	28299	255,0,0	chrII	28348	29400	YBL100W-C	.	+	28427	28546	255,0,0	-1
chrII	28348	29400	YBL100W-C	.	+	28427	28546	255,0,0	chrII	24912	28348	YBL101C	.	-	24946	28299	255,0,0	-1
chrII	110030	110518	YBL059C-A	.	-	110125	110539	255,0,0	chrII	110518	111276	YBL059W	.	+	110594	111244	255,0,0	-1
chrII	110518	111276	YBL059W	.	+	110594	111244	255,0,0	chrII	110030	110518	YBL059C-A	.	-	110125	110539	255,0,0	-1
chrII	112716	113417	YBL057C	.	-	112801	113427	255,0,0	chrII	113704	115222	YBL056W	.	+	113762	115168	255,0,0	-288
chrII	122629	124784	YBL051C	.	-	122753	124759	255,0,0	chrII	125092	126176	YBL050W	.	+	125125	126119	255,0,0	-309
chrII	125092	126176	YBL050W	.	+	125125	126119	255,0,0	chrII	122629	124784	YBL051C	.	-	122753	124759	255,0,0	-309
chrII	181528	182085	YBL021C	.	-	181660	182094	255,0,0	chrII	182358	184192	YBL020W	.	+	182401	184125	255,0,0	-274
chrII	199003	201735	YBL014C	.	-	199064	201748	255,0,0	chrII	202083	204771	YBL013W	.	+	202056	203261	255,0,0	-349
chrII	202083	204771	YBL013W	.	+	202056	203261	255,0,0	chrII	199003	201735	YBL014C	.	-	199064	201748	255,0,0	-349
chrII	207218	209277	YBL009W	.	+	207194	209224	255,0,0	chrII	205932	206929	YBL010C	.	-	206107	206949	255,0,0	-290
chrII	216658	217414	YBL006W-A	.	+	216711	216860	255,0,0	chrII	212586	216403	YBL007C	.	-	212632	216366	255,0,0	-256
chrII	217394	220541	YBL005W	.	+	217470	220400	255,0,0	chrII	216551	217112	YBL006C	.	-	216587	217129	255,0,0	-283
chrII	241622	242533	YBR002C	.	-	241708	242568	255,0,0	chrII	242842	244335	YBR003W	.	+	242809	244230	255,0,0	-310
chrII	245883	246648	YBR005W	.	+	245906	246547	255,0,0	chrII	244338	245646	YBR004C	.	-	244366	245667	255,0,0	-238
chrII	330462	331529	YBR046C	.	-	330507	331511	255,0,0	chrII	331792	332447	YBR047W	.	+	331833	332360	255,0,0	-264
chrII	331792	332447	YBR047W	.	+	331833	332360	255,0,0	chrII	330462	331529	YBR046C	.	-	330507	331511	255,0,0	-264
chrII	379177	379974	YBR070C	.	-	379221	379934	255,0,0	chrII	380434	381160	YBR071W	.	+	380411	381046	255,0,0	-461
chrII	380434	381160	YBR071W	.	+	380411	381046	255,0,0	chrII	379177	379974	YBR070C	.	-	379221	379934	255,0,0	-461
chrII	434321	435683	YBR095C	.	-	434406	435698	255,0,0	chrII	435957	436761	YBR096W	.	+	436021	436713	255,0,0	-275
chrII	461133	462159	YBR111C	.	-	461178	461873	255,0,0	chrII	462159	462696	YBR111W-A	.	+	462139	462579	255,0,0	-1
chrII	462159	462696	YBR111W-A	.	+	462139	462579	255,0,0	chrII	461133	462159	YBR111C	.	-	461178	461873	255,0,0	-1
chrII	513623	515395	YBR138C	.	-	513762	515336	255,0,0	chrII	515683	517277	YBR139W	.	+	515664	517190	255,0,0	-289
chrII	527134	527720	YBR141W-A	.	+	527167	527262	255,0,0	chrII	517289	526690	YBR140C	.	-	517350	526628	255,0,0	-445
chrII	533086	533621	YBR144C	.	-	533235	533549	255,0,0	chrII	533790	534827	YBR145W	.	+	533762	534817	255,0,0	-170
chrII	533790	534827	YBR145W	.	+	533762	534817	255,0,0	chrII	533086	533621	YBR144C	.	-	533235	533549	255,0,0	-170
chrII	567799	568507	YBR164C	.	-	567875	568426	255,0,0	chrII	568770	569727	YBR165W	.	+	568852	569685	255,0,0	-264
chrII	582176	582582	YBR174C	.	-	582338	582652	255,0,0	chrII	582582	583449	YBR175W	.	+	582408	583355	255,0,0	-1
chrII	582582	583449	YBR175W	.	+	582408	583355	255,0,0	chrII	582176	582582	YBR174C	.	-	582338	582652	255,0,0	-1
chrII	593628	595535	YBR182C-A	.	-	595361	595555	255,0,0	chrII	596019	597112	YBR183W	.	+	596115	597065	255,0,0	-485
chrII	609964	610562	YBR194W	.	+	610038	610409	255,0,0	chrII	608959	609713	YBR193C	.	-	609082	609753	255,0,0	-252
chrII	618857	620425	YBR199W	.	+	618909	620303	255,0,0	chrII	616062	618518	YBR198C	.	-	616127	618523	255,0,0	-340
chrII	636582	642264	YBR208C	.	-	636703	642210	255,0,0	chrII	642598	645989	YBR209W	.	+	642583	642900	255,0,0	-335
chrII	665027	666258	YBR221C	.	-	665153	666253	255,0,0	chrII	666436	671813	YBR221W-A	.	+	666538	666642	255,0,0	-179
chrII	666436	671813	YBR221W-A	.	+	666538	666642	255,0,0	chrII	665027	666258	YBR221C	.	-	665153	666253	255,0,0	-179
chrII	668581	671813	YBR223W-A	.	+	668721	668840	255,0,0	chrII	666614	668182	YBR222C	.	-	666720	668351	255,0,0	-400
chrII	670671	673522	YBR225W	.	+	670627	673329	255,0,0	chrII	668426	670290	YBR223C	.	-	668663	670297	255,0,0	-382
chrII	673521	675128	YBR227C	.	-	673572	675134	255,0,0	chrII	675381	676300	YBR228W	.	+	675313	676227	255,0,0	-254
chrII	675381	676300	YBR228W	.	+	675313	676227	255,0,0	chrII	673521	675128	YBR227C	.	-	673572	675134	255,0,0	-254
chrII	679557	680044	YBR230C	.	-	679549	680050	255,0,0	chrII	680354	680632	YBR230W-A	.	+	680362	680562	255,0,0	-311
chrII	680354	680632	YBR230W-A	.	+	680362	680562	255,0,0	chrII	679557	680044	YBR230C	.	-	679549	680050	255,0,0	-311
chrII	682138	683093	YBR231C	.	-	682179	683090	255,0,0	chrII	683506	684725	YBR233W	.	+	683428	684669	255,0,0	-414
chrII	683506	684725	YBR233W	.	+	683428	684669	255,0,0	chrII	682138	683093	YBR231C	.	-	682179	683090	255,0,0	-414
chrII	686834	690331	YBR235W	.	+	686901	690263	255,0,0	chrII	685403	686564	YBR234C	.	-	685438	686592	255,0,0	-271
chrII	690324	691687	YBR236C	.	-	690383	691693	255,0,0	chrII	691960	694576	YBR237W	.	+	691969	694518	255,0,0	-274
chrII	691960	694576	YBR237W	.	+	691969	694518	255,0,0	chrII	690324	691687	YBR236C	.	-	690383	691693	255,0,0	-274
chrII	708095	711602	YBR245C	.	-	708150	711539	255,0,0	chrII	711602	712749	YBR246W	.	+	711591	712754	255,0,0	-1
chrII	711602	712749	YBR246W	.	+	711591	712754	255,0,0	chrII	708095	711602	YBR245C	.	-	708150	711539	255,0,0	-1
chrII	724454	726579	YBR255W	.	+	724456	726540	255,0,0	chrII	723661	724222	YBR254C	.	-	723736	724263	255,0,0	-233
chrII	729694	730144	YBR258C	.	-	729734	730162	255,0,0	chrII	730381	732512	YBR259W	.	+	730387	732453	255,0,0	-238
chrII	736271	737769	YBR263W	.	+	736264	737736	255,0,0	chrII	735637	736012	YBR262C	.	-	735720	736040	255,0,0	-260
chrII	749589	751325	YBR274W	.	+	749594	751177	255,0,0	chrII	747969	749353	YBR273C	.	-	748061	749371	255,0,0	-237
chrII	757564	760082	YBR276C	.	-	757620	760043	255,0,0	chrII	760320	760980	YBR278W	.	+	760294	760899	255,0,0	-239
chrII	760320	760980	YBR278W	.	+	760294	760899	255,0,0	chrII	757564	760082	YBR276C	.	-	757620	760043	255,0,0	-239
chrII	800081	800192	YBR296C-A	.	-	800123	800242	255,0,0	chrII	800509	801807	YBR297W	.	+	800523	801929	255,0,0	-318
chrII	800509	801807	YBR297W	.	+	800523	801929	255,0,0	chrII	800081	800192	YBR296C-A	.	-	800123	800242	255,0,0	-318
chrII	804534	805320	YBR298C-A	.	-	805035	805256	255,0,0	chrII	805320	807207	YBR299W	.	+	805351	807105	255,0,0	-1
chrII	805320	807207	YBR299W	.	+	805351	807105	255,0,0	chrII	804534	805320	YBR298C-A	.	-	805035	805256	255,0,0	-1
chrII	808317	809001	YBR300C	.	-	808600	809097	255,0,0	chrII	809001	809455	YBR301W	.	+	809057	809419	255,0,0	-1
chrII	809001	809455	YBR301W	.	+	809057	809419	255,0,0	chrII	808317	809001	YBR300C	.	-	808600	809097	255,0,0	-1
chrIII	15711	16918	YCL064C	.	-	15798	16880	255,0,0	chrIII	17304	18633	YCL063W	.	+	17290	18561	255,0,0	-387
chrIII	24813	26967	YCL057W	.	+	24768	26906	255,0,0	chrIII	24000	24327	YCL057C-A	.	-	24032	24325	255,0,0	-487
chrIII	50219	50622	YCL041C	.	-	50133	50627	255,0,0	chrIII	50622	50889	YCL042W	.	+	50584	50943	255,0,0	-1
chrIII	50219	50622	YCL041C	.	-	50133	50627	255,0,0	chrIII	50622	52430	YCL040W	.	+	50838	52340	255,0,0	-1
chrIII	50622	50889	YCL042W	.	+	50584	50943	255,0,0	chrIII	50219	50622	YCL041C	.	-	50133	50627	255,0,0	-1
chrIII	50622	52430	YCL040W	.	+	50838	52340	255,0,0	chrIII	50219	50622	YCL041C	.	-	50133	50627	255,0,0	-1
chrIII	57196	58749	YCL037C	.	-	57374	58678	255,0,0	chrIII	59005	60802	YCL036W	.	+	59026	60726	255,0,0	-257
chrIII	59005	60802	YCL036W	.	+	59026	60726	255,0,0	chrIII	57196	58749	YCL037C	.	-	57374	58678	255,0,0	-257
chrIII	60765	61211	YCL035C	.	-	60841	61173	255,0,0	chrIII	61664	62789	YCL034W	.	+	61658	62722	255,0,0	-454
chrIII	61664	62789	YCL034W	.	+	61658	62722	255,0,0	chrIII	60765	61211	YCL035C	.	-	60841	61173	255,0,0	-454
chrIII	62720	63260	YCL033C	.	-	62776	63282	255,0,0	chrIII	63430	64554	YCL032W	.	+	63441	64481	255,0,0	-171
chrIII	68531	69941	YCL029C	.	-	68599	69921	255,0,0	chrIII	70153	71433	YCL028W	.	+	70150	71367	255,0,0	-213
chrIII	70153	71433	YCL028W	.	+	70150	71367	255,0,0	chrIII	68531	69941	YCL029C	.	-	68599	69921	255,0,0	-213
chrIII	105571	106805	YCL008C	.	-	105696	106853	255,0,0	chrIII	107049	107502	YCL005W-A	.	+	107023	107417	255,0,0	-245
chrIII	107049	107502	YCL005W-A	.	+	107023	107417	255,0,0	chrIII	105571	106805	YCL008C	.	-	105696	106853	255,0,0	-245
chrIII	111924	112470	YCL001W	.	+	111916	112482	255,0,0	chrIII	110699	111653	YCL002C	.	-	110808	111675	255,0,0	-272
chrIII	117329	118351	YCR002C	.	-	117380	118348	255,0,0	chrIII	118635	119242	YCR003W	.	+	118620	119171	255,0,0	-285
chrIII	133666	136852	YCR011C	.	-	133724	136873	255,0,0	chrIII	137293	139079	YCR012W	.	+	137746	138996	255,0,0	-442
chrIII	200407	201178	YCR040W	.	+	200442	200969	255,0,0	chrIII	199490	200152	YCR039C	.	-	199546	200178	255,0,0	-256
chrIII	224467	224851	YCR060W	.	+	224399	224734	255,0,0	chrIII	223356	224053	YCR059C	.	-	223454	224230	255,0,0	-415
chrIII	246997	247992	YCR073W-A	.	+	246963	247910	255,0,0	chrIII	242523	246604	YCR073C	.	-	242588	246583	255,0,0	-394
chrIII	247967	248770	YCR075C	.	-	248033	248815	255,0,0	chrIII	249007	249275	YCR075W-A	.	+	248975	249202	255,0,0	-238
chrIII	249007	249275	YCR075W-A	.	+	248975	249202	255,0,0	chrIII	247967	248770	YCR075C	.	-	248033	248815	255,0,0	-238
chrIII	276627	279804	YCR092C	.	-	276764	279820	255,0,0	chrIII	280133	286479	YCR093W	.	+	280117	286443	255,0,0	-330
chrIII	289725	290922	YCR095W-A	.	+	289639	289797	255,0,0	chrIII	288133	289253	YCR095C	.	-	288170	289258	255,0,0	-473
chrIII	291559	293479	YCR096C	.	-	293179	293538	255,0,0	chrIII	293843	295284	YCR097W	.	+	293835	294321	255,0,0	-365
chrIII	293843	295284	YCR097W	.	+	293835	294321	255,0,0	chrIII	291559	293479	YCR096C	.	-	293179	293538	255,0,0	-365
chrIV	22104	22686	YDL240C-A	.	-	22471	22608	255,0,0	chrIV	22858	26076	YDL240W	.	+	22823	25876	255,0,0	-173
chrIV	22858	26076	YDL240W	.	+	22823	25876	255,0,0	chrIV	22104	22686	YDL240C-A	.	-	22471	22608	255,0,0	-173
chrIV	30676	31901	YDL237W	.	+	30657	31829	255,0,0	chrIV	28920	30431	YDL238C	.	-	28985	30454	255,0,0	-246
chrIV	36821	38337	YDL233W	.	+	36797	38173	255,0,0	chrIV	34194	36416	YDL234C	.	-	34237	36477	255,0,0	-406
chrIV	38827	42327	YDL231C	.	-	38867	42244	255,0,0	chrIV	42730	43732	YDL230W	.	+	42700	43707	255,0,0	-404
chrIV	51065	52157	YDL226C	.	-	51115	52173	255,0,0	chrIV	52452	54176	YDL225W	.	+	52445	54100	255,0,0	-296
chrIV	65255	65815	YDL219W	.	+	65242	65765	255,0,0	chrIV	61891	64826	YDL220C	.	-	62244	65018	255,0,0	-430
chrIV	77251	77962	YDL213C	.	-	77289	77966	255,0,0	chrIV	78444	79162	YDL212W	.	+	78426	79058	255,0,0	-483
chrIV	86041	87221	YDL209C	.	-	86207	87226	255,0,0	chrIV	87533	88042	YDL208W	.	+	87512	87982	255,0,0	-313
chrIV	104836	106482	YDL197C	.	-	104917	106494	255,0,0	chrIV	106723	106948	YDL196W	.	+	106741	107070	255,0,0	-242
chrIV	106723	106948	YDL196W	.	+	106741	107070	255,0,0	chrIV	104836	106482	YDL197C	.	-	104917	106494	255,0,0	-242
chrIV	118516	121575	YDL190C	.	-	118707	121592	255,0,0	chrIV	122035	123649	YDL189W	.	+	122078	123589	255,0,0	-461
chrIV	141112	141758	YDL177C	.	-	141209	141721	255,0,0	chrIV	142157	144321	YDL176W	.	+	142097	144223	255,0,0	-400
chrIV	164314	164887	YDL165W	.	+	164290	164865	255,0,0	chrIV	163385	163871	YDL166C	.	-	163449	164042	255,0,0	-444
chrIV	170231	171995	YDL160C	.	-	170410	171930	255,0,0	chrIV	172143	173311	YDL159W-A	.	+	172182	172313	255,0,0	-149
chrIV	172143	173311	YDL159W-A	.	+	172182	172313	255,0,0	chrIV	170231	171995	YDL160C	.	-	170410	171930	255,0,0	-149
chrIV	174863	177472	YDL156W	.	+	174918	176486	255,0,0	chrIV	174148	174563	YDL157C	.	-	174232	174588	255,0,0	-301
chrIV	190914	192364	YDL147W	.	+	190924	192261	255,0,0	chrIV	187987	190601	YDL148C	.	-	188154	190586	255,0,0	-314
chrIV	198575	199719	YDL144C	.	-	198662	199732	255,0,0	chrIV	200007	201650	YDL143W	.	+	199996	201582	255,0,0	-289
chrIV	203006	205292	YDL141W	.	+	203039	205111	255,0,0	chrIV	201726	202585	YDL142C	.	-	201719	202570	255,0,0	-422
chrIV	255564	256624	YDL114W	.	+	255604	256530	255,0,0	chrIV	253929	255114	YDL115C	.	-	253995	255126	255,0,0	-451
chrIV	256564	258585	YDL113C	.	-	256633	258555	255,0,0	chrIV	258877	263289	YDL112W	.	+	258915	263225	255,0,0	-293
chrIV	276824	280271	YDL102W	.	+	276872	280165	255,0,0	chrIV	275054	276402	YDL103C	.	-	275148	276581	255,0,0	-423
chrIV	283411	284506	YDL099W	.	+	283419	284444	255,0,0	chrIV	282067	283137	YDL100C	.	-	282112	283176	255,0,0	-275
chrIV	329767	331249	YDL071C	.	-	330666	331040	255,0,0	chrIV	331249	332970	YDL070W	.	+	331024	332940	255,0,0	-1
chrIV	331249	332970	YDL070W	.	+	331024	332940	255,0,0	chrIV	329767	331249	YDL071C	.	-	330666	331040	255,0,0	-1
chrIV	362614	363588	YDL052C	.	-	362672	363583	255,0,0	chrIV	363925	364868	YDL051W	.	+	363952	364779	255,0,0	-338
chrIV	392653	393908	YDL033C	.	-	392659	393912	255,0,0	chrIV	394201	397256	YDL031W	.	+	394217	397204	255,0,0	-294
chrIV	425776	426931	YDL015C	.	-	426002	426934	255,0,0	chrIV	427256	428388	YDL014W	.	+	427364	428347	255,0,0	-326
chrIV	427256	428388	YDL014W	.	+	427364	428347	255,0,0	chrIV	425776	426931	YDL015C	.	-	426002	426934	255,0,0	-326
chrIV	433542	434072	YDL008W	.	+	433497	433994	255,0,0	chrIV	433040	433254	YDL009C	.	-	432925	433248	255,0,0	-289
chrIV	447050	447598	YDL002C	.	-	446967	447578	255,0,0	chrIV	447962	449341	YDL001W	.	+	447984	449276	255,0,0	-365
chrIV	447962	449341	YDL001W	.	+	447984	449276	255,0,0	chrIV	447050	447598	YDL002C	.	-	446967	447578	255,0,0	-365
chrIV	464385	465700	YDR010C	.	-	465051	465383	255,0,0	chrIV	465940	470435	YDR011W	.	+	465919	470424	255,0,0	-241
chrIV	465940	470435	YDR011W	.	+	465919	470424	255,0,0	chrIV	464385	465700	YDR010C	.	-	465051	465383	255,0,0	-241
chrIV	486761	488045	YDR021W	.	+	486804	488003	255,0,0	chrIV	485418	486508	YDR020C	.	-	485746	486444	255,0,0	-254
chrIV	497986	500946	YDR028C	.	-	497835	500879	255,0,0	chrIV	501108	501652	YDR029W	.	+	501100	501414	255,0,0	-163
chrIV	503506	503953	YDR031W	.	+	503498	503863	255,0,0	chrIV	501736	503245	YDR030C	.	-	501753	503273	255,0,0	-262
chrIV	565937	567629	YDR057W	.	+	565927	567555	255,0,0	chrIV	564984	565676	YDR056C	.	-	565023	565640	255,0,0	-262
chrIV	582759	583478	YDR067C	.	-	582791	583465	255,0,0	chrIV	583730	584697	YDR068W	.	+	583713	584645	255,0,0	-253
chrIV	602114	602844	YDR078C	.	-	602198	602869	255,0,0	chrIV	603085	603503	YDR079W	.	+	603064	603399	255,0,0	-242
chrIV	604002	607038	YDR080W	.	+	604008	606986	255,0,0	chrIV	603583	603808	YDR079C-A	.	-	603593	603811	255,0,0	-195
chrIV	610414	612055	YDR082W	.	+	610441	611925	255,0,0	chrIV	607275	610090	YDR081C	.	-	607304	610081	255,0,0	-325
chrIV	636363	636868	YDR095C	.	-	636117	636527	255,0,0	chrIV	636868	639898	YDR096W	.	+	637139	639823	255,0,0	-1
chrIV	636868	639898	YDR096W	.	+	637139	639823	255,0,0	chrIV	636363	636868	YDR095C	.	-	636117	636527	255,0,0	-1
chrIV	656298	657943	YDR102C	.	-	657648	657980	255,0,0	chrIV	658370	661122	YDR103W	.	+	658350	661103	255,0,0	-428
chrIV	665322	666776	YDR105C	.	-	665349	666770	255,0,0	chrIV	667025	667899	YDR106W	.	+	667004	667858	255,0,0	-250
chrIV	667025	667899	YDR106W	.	+	667004	667858	255,0,0	chrIV	665322	666776	YDR105C	.	-	665349	666770	255,0,0	-250
chrIV	668974	671013	YDR107C	.	-	669016	671034	255,0,0	chrIV	671260	673448	YDR108W	.	+	671269	673365	255,0,0	-248
chrIV	671260	673448	YDR108W	.	+	671269	673365	255,0,0	chrIV	668974	671013	YDR107C	.	-	669016	671034	255,0,0	-248
chrIV	673434	675671	YDR109C	.	-	673520	675667	255,0,0	chrIV	676092	677966	YDR110W	.	+	676102	677802	255,0,0	-422
chrIV	681933	682191	YDR114C	.	-	681924	682226	255,0,0	chrIV	682191	682557	YDR115W	.	+	682175	682492	255,0,0	-1
chrIV	682191	682557	YDR115W	.	+	682175	682492	255,0,0	chrIV	681933	682191	YDR114C	.	-	681924	682226	255,0,0	-1
chrIV	683960	685606	YDR117C	.	-	683946	685643	255,0,0	chrIV	685888	687918	YDR118W	.	+	685882	687840	255,0,0	-283
chrIV	725101	728226	YDR136C	.	-	727711	728283	255,0,0	chrIV	728226	730375	YDR137W	.	+	728259	730250	255,0,0	-1
chrIV	728226	730375	YDR137W	.	+	728259	730250	255,0,0	chrIV	725101	728226	YDR136C	.	-	727711	728283	255,0,0	-1
chrIV	734162	734897	YDR140W	.	+	734138	734803	255,0,0	chrIV	733509	733899	YDR139C	.	-	733618	733924	255,0,0	-264
chrIV	768426	769376	YDR155C	.	-	768512	769000	255,0,0	chrIV	769523	770023	YDR156W	.	+	769525	769938	255,0,0	-148
chrIV	769523	770023	YDR156W	.	+	769525	769938	255,0,0	chrIV	768426	769376	YDR155C	.	-	768512	769000	255,0,0	-148
chrIV	780215	781196	YDR162C	.	-	780390	781100	255,0,0	chrIV	781421	781988	YDR163W	.	+	781423	781950	255,0,0	-226
chrIV	786219	789217	YDR166C	.	-	786306	789221	255,0,0	chrIV	789469	790138	YDR167W	.	+	789449	790069	255,0,0	-253
chrIV	789469	790138	YDR167W	.	+	789449	790069	255,0,0	chrIV	786219	789217	YDR166C	.	-	786306	789221	255,0,0	-253
chrIV	811837	812889	YDR174W	.	+	812110	812850	255,0,0	chrIV	810461	811629	YDR173C	.	-	810565	811632	255,0,0	-209
chrIV	819382	820867	YDR179W-A	.	+	819433	820824	255,0,0	chrIV	818611	819167	YDR179C	.	-	818708	819196	255,0,0	-216
chrIV	825770	827319	YDR181C	.	-	825910	827355	255,0,0	chrIV	827595	829074	YDR182W	.	+	827582	829057	255,0,0	-277
chrIV	842318	843543	YDR191W	.	+	842337	843449	255,0,0	chrIV	840540	842007	YDR190C	.	-	840604	841995	255,0,0	-312
chrIV	850220	850977	YDR196C	.	-	850274	850999	255,0,0	chrIV	851254	852434	YDR197W	.	+	851228	852397	255,0,0	-278
chrIV	856367	856882	YDR201W	.	+	856317	856814	255,0,0	chrIV	854153	856110	YDR200C	.	-	854279	856093	255,0,0	-258
chrIV	856879	857949	YDR202C	.	-	856898	857953	255,0,0	chrIV	858191	859224	YDR204W	.	+	858137	859144	255,0,0	-243
chrIV	943668	945137	YDR240C	.	-	943674	945152	255,0,0	chrIV	945137	945807	YDR241W	.	+	945151	945438	255,0,0	-1
chrIV	945137	945807	YDR241W	.	+	945151	945438	255,0,0	chrIV	943668	945137	YDR240C	.	-	943674	945152	255,0,0	-1
chrIV	960669	963057	YDR251W	.	+	960614	963106	255,0,0	chrIV	959884	960389	YDR250C	.	-	960086	960361	255,0,0	-281
chrIV	963939	964597	YDR253C	.	-	963990	964565	255,0,0	chrIV	965088	966983	YDR254W	.	+	965113	966489	255,0,0	-492
chrIV	965088	966983	YDR254W	.	+	965113	966489	255,0,0	chrIV	963939	964597	YDR253C	.	-	963990	964565	255,0,0	-492
chrIV	995965	998381	YDR264C	.	-	996029	998323	255,0,0	chrIV	998850	1000030	YDR265W	.	+	998864	999877	255,0,0	-470
chrIV	1004002	1005211	YDR268W	.	+	1004004	1005143	255,0,0	chrIV	1002371	1003517	YDR267C	.	-	1002510	1003502	255,0,0	-486
chrIV	1004529	1008703	YDR271C	.	-	1008395	1008766	255,0,0	chrIV	1009019	1009871	YDR272W	.	+	1009010	1009834	255,0,0	-317
chrIV	1035143	1035547	YDR286C	.	-	1035231	1035575	255,0,0	chrIV	1036020	1036931	YDR287W	.	+	1035995	1036873	255,0,0	-474
chrIV	1093806	1095212	YDR316W	.	+	1093763	1095178	255,0,0	chrIV	1092669	1093527	YDR315C	.	-	1092741	1093586	255,0,0	-280
chrIV	1108210	1108448	YDR320C-A	.	-	1108280	1108498	255,0,0	chrIV	1108448	1109921	YDR320W-B	.	+	1108484	1108621	255,0,0	-1
chrIV	1108448	1109921	YDR320W-B	.	+	1108484	1108621	255,0,0	chrIV	1108210	1108448	YDR320C-A	.	-	1108280	1108498	255,0,0	-1
chrIV	1108713	1109921	YDR321W	.	+	1108702	1109847	255,0,0	chrIV	1108210	1108448	YDR320C-A	.	-	1108280	1108498	255,0,0	-266
chrIV	1167138	1168622	YDR346C	.	-	1167214	1168659	255,0,0	chrIV	1169120	1170224	YDR347W	.	+	1169178	1170143	255,0,0	-499
chrIV	1169120	1170224	YDR347W	.	+	1169178	1170143	255,0,0	chrIV	1167138	1168622	YDR346C	.	-	1167214	1168659	255,0,0	-499
chrIV	1176056	1178168	YDR350C	.	-	1176120	1178174	255,0,0	chrIV	1178644	1181383	YDR351W	.	+	1178666	1181260	255,0,0	-477
chrIV	1196641	1198776	YDR362C	.	-	1196679	1198697	255,0,0	chrIV	1199214	1200691	YDR363W	.	+	1199183	1200553	255,0,0	-439
chrIV	1199214	1200691	YDR363W	.	+	1199183	1200553	255,0,0	chrIV	1196641	1198776	YDR362C	.	-	1196679	1198697	255,0,0	-439
chrIV	1212597	1212827	YDR366C	.	-	1212438	1212836	255,0,0	chrIV	1212827	1213635	YDR367W	.	+	1212848	1213614	255,0,0	-1
chrIV	1212827	1213635	YDR367W	.	+	1212848	1213614	255,0,0	chrIV	1212597	1212827	YDR366C	.	-	1212438	1212836	255,0,0	-1
chrIV	1219381	1221038	YDR371W	.	+	1219413	1220948	255,0,0	chrIV	1217752	1219084	YDR370C	.	-	1217782	1219110	255,0,0	-298
chrIV	1223396	1224323	YDR374C	.	-	1223474	1224394	255,0,0	chrIV	1224770	1225095	YDR374W-A	.	+	1224757	1225026	255,0,0	-448
chrIV	1248021	1249752	YDR387C	.	-	1248154	1249821	255,0,0	chrIV	1250192	1251749	YDR388W	.	+	1250186	1251634	255,0,0	-441
chrIV	1250192	1251749	YDR388W	.	+	1250186	1251634	255,0,0	chrIV	1248021	1249752	YDR387C	.	-	1248154	1249821	255,0,0	-441
chrIV	1277622	1278537	YDR405W	.	+	1277646	1278437	255,0,0	chrIV	1276521	1277134	YDR404C	.	-	1276654	1277169	255,0,0	-489
chrIV	1296988	1298141	YDR415C	.	-	1297037	1298161	255,0,0	chrIV	1298378	1301038	YDR416W	.	+	1298432	1301011	255,0,0	-238
chrIV	1298378	1301038	YDR416W	.	+	1298432	1301011	255,0,0	chrIV	1296988	1298141	YDR415C	.	-	1297037	1298161	255,0,0	-238
chrIV	1325477	1328340	YDR430C	.	-	1325501	1328470	255,0,0	chrIV	1328340	1330040	YDR431W	.	+	1328390	1328701	255,0,0	-1
chrIV	1328340	1330040	YDR431W	.	+	1328390	1328701	255,0,0	chrIV	1325477	1328340	YDR430C	.	-	1325501	1328470	255,0,0	-1
chrIV	1328817	1330040	YDR432W	.	+	1328783	1330027	255,0,0	chrIV	1325477	1328340	YDR430C	.	-	1325501	1328470	255,0,0	-478
chrIV	1345340	1349955	YDR443C	.	-	1345676	1349938	255,0,0	chrIV	1350256	1352376	YDR444W	.	+	1350290	1352353	255,0,0	-302
chrIV	1350256	1352376	YDR444W	.	+	1350290	1352353	255,0,0	chrIV	1345340	1349955	YDR443C	.	-	1345676	1349938	255,0,0	-302
chrIV	1382279	1383479	YDR459C	.	-	1382319	1383443	255,0,0	chrIV	1383729	1384858	YDR460W	.	+	1383811	1384776	255,0,0	-251
chrIV	1383729	1384858	YDR460W	.	+	1383811	1384776	255,0,0	chrIV	1382279	1383479	YDR459C	.	-	1382319	1383443	255,0,0	-251
chrIV	1385422	1385749	YDR461C-A	.	-	1385524	1385766	255,0,0	chrIV	1386051	1386630	YDR462W	.	+	1386073	1386516	255,0,0	-303
chrIV	1395048	1397968	YDR466W	.	+	1395121	1397817	255,0,0	chrIV	1393355	1394568	YDR465C	.	-	1393336	1394574	255,0,0	-481
chrIV	1399037	1399586	YDR469W	.	+	1399015	1399542	255,0,0	chrIV	1397952	1398613	YDR468C	.	-	1398026	1398700	255,0,0	-425
chrIV	1415177	1417006	YDR479C	.	-	1415210	1416874	255,0,0	chrIV	1417346	1418510	YDR480W	.	+	1417399	1418370	255,0,0	-341
chrIV	1417346	1418510	YDR480W	.	+	1417399	1418370	255,0,0	chrIV	1415177	1417006	YDR479C	.	-	1415210	1416874	255,0,0	-341
chrIV	1431046	1431972	YDR489W	.	+	1431012	1431896	255,0,0	chrIV	1429020	1430744	YDR488C	.	-	1429188	1430789	255,0,0	-303
chrIV	1434198	1434951	YDR491C	.	-	1434500	1434991	255,0,0	chrIV	1434951	1435922	YDR492W	.	+	1434924	1435874	255,0,0	-1
chrIV	1434951	1435922	YDR492W	.	+	1434924	1435874	255,0,0	chrIV	1434198	1434951	YDR491C	.	-	1434500	1434991	255,0,0	-1
chrIV	1469779	1469803	YDR510C-A	.	-	1469695	1469811	255,0,0	chrIV	1470043	1470474	YDR511W	.	+	1470017	1470418	255,0,0	-241
chrIV	1470439	1470993	YDR512C	.	-	1470500	1471063	255,0,0	chrIV	1470993	1471510	YDR513W	.	+	1471017	1471448	255,0,0	-1
chrIV	1470993	1471510	YDR513W	.	+	1471017	1471448	255,0,0	chrIV	1470439	1470993	YDR512C	.	-	1470500	1471063	255,0,0	-1
chrIV	1471502	1473001	YDR514C	.	-	1471548	1472999	255,0,0	chrIV	1473411	1474805	YDR515W	.	+	1473429	1474772	255,0,0	-411
chrIV	1489855	1489881	YDR524C-A	.	-	1489871	1489990	255,0,0	chrIV	1489881	1490050	YDR525W	.	+	1489905	1490234	255,0,0	-1
chrIV	1489881	1490050	YDR525W	.	+	1489905	1490234	255,0,0	chrIV	1489855	1489881	YDR524C-A	.	-	1489871	1489990	255,0,0	-1
chrIX	36215	37231	YIL163C	.	-	36899	37252	255,0,0	chrIX	37370	39073	YIL162W	.	+	37385	38983	255,0,0	-140
chrIX	83315	84917	YIL142W	.	+	83302	84885	255,0,0	chrIX	80372	83035	YIL143C	.	-	80510	83041	255,0,0	-281
chrIX	113748	117013	YIL128W	.	+	113806	116904	255,0,0	chrIX	106058	113282	YIL129C	.	-	106107	113237	255,0,0	-467
chrIX	116960	117649	YIL127C	.	-	117024	117644	255,0,0	chrIX	118026	122182	YIL126W	.	+	117992	122071	255,0,0	-378
chrIX	118026	122182	YIL126W	.	+	117992	122071	255,0,0	chrIX	116960	117649	YIL127C	.	-	117024	117644	255,0,0	-378
chrIX	169906	171493	YIL104C	.	-	169982	171505	255,0,0	chrIX	171744	173090	YIL103W	.	+	171751	173028	255,0,0	-252
chrIX	171744	173090	YIL103W	.	+	171751	173028	255,0,0	chrIX	169906	171493	YIL104C	.	-	169982	171505	255,0,0	-252
chrIX	177347	177446	YIL100C-A	.	-	177343	177681	255,0,0	chrIX	177446	177554	YIL100W	.	+	177373	177726	255,0,0	-1
chrIX	177446	177554	YIL100W	.	+	177373	177726	255,0,0	chrIX	177347	177446	YIL100C-A	.	-	177343	177681	255,0,0	-1
chrIX	179697	180209	YIL098C	.	-	179772	180239	255,0,0	chrIX	180449	182083	YIL097W	.	+	180427	181977	255,0,0	-241
chrIX	180449	182083	YIL097W	.	+	180427	181977	255,0,0	chrIX	179697	180209	YIL098C	.	-	179772	180239	255,0,0	-241
chrIX	189058	191038	YIL092W	.	+	189066	190967	255,0,0	chrIX	187886	188812	YIL093C	.	-	187990	188784	255,0,0	-247
chrIX	190993	193180	YIL091C	.	-	191030	193195	255,0,0	chrIX	193645	195369	YIL090W	.	+	193595	195070	255,0,0	-466
chrIX	245981	246850	YIL059C	.	-	246550	246915	255,0,0	chrIX	246850	247855	YIL058W	.	+	246914	247198	255,0,0	-1
chrIX	246850	247855	YIL058W	.	+	246914	247198	255,0,0	chrIX	245981	246850	YIL059C	.	-	246550	246915	255,0,0	-1
chrIX	315113	316232	YIL019W	.	+	315093	316133	255,0,0	chrIX	313985	314854	YIL020C	.	-	314035	314820	255,0,0	-260
chrIX	342897	343633	YIL007C	.	-	342994	343656	255,0,0	chrIX	344078	345421	YIL006W	.	+	344062	345183	255,0,0	-446
chrIX	350561	353485	YIL002C	.	-	350591	353431	255,0,0	chrIX	353897	355537	YIL001W	.	+	353940	355481	255,0,0	-413
chrIX	353897	355537	YIL001W	.	+	353940	355481	255,0,0	chrIX	350561	353485	YIL002C	.	-	350591	353431	255,0,0	-413
chrIX	373007	374285	YIR008C	.	-	373077	374306	255,0,0	chrIX	374519	375295	YIR009W	.	+	374525	374860	255,0,0	-235
chrIX	393882	394622	YIR020C	.	-	394255	394557	255,0,0	chrIX	394784	398416	YIR020W-A	.	+	394917	395159	255,0,0	-163
chrIX	394784	398416	YIR020W-A	.	+	394917	395159	255,0,0	chrIX	393882	394622	YIR020C	.	-	394255	394557	255,0,0	-163
chrIX	403682	404879	YIR025W	.	+	403659	404765	255,0,0	chrIX	402774	403445	YIR024C	.	-	402841	403491	255,0,0	-238
chrIX	412915	413071	YIR030W-A	.	+	412899	413282	255,0,0	chrIX	411984	412757	YIR030C	.	-	412036	412770	255,0,0	-159
chrV	25498	26700	YEL067C	.	-	26189	26776	255,0,0	chrV	26700	27253	YEL066W	.	+	26667	27206	255,0,0	-1
chrV	26700	27253	YEL066W	.	+	26667	27206	255,0,0	chrV	25498	26700	YEL067C	.	-	26189	26776	255,0,0	-1
chrV	42365	42627	YEL059C-A	.	-	42400	42624	255,0,0	chrV	42627	44396	YEL059W	.	+	42652	42960	255,0,0	-1
chrV	42627	44396	YEL059W	.	+	42652	42960	255,0,0	chrV	42365	42627	YEL059C-A	.	-	42400	42624	255,0,0	-1
chrV	53821	56131	YEL053C	.	-	53901	56102	255,0,0	chrV	56532	58124	YEL052W	.	+	56571	58100	255,0,0	-402
chrV	56532	58124	YEL052W	.	+	56571	58100	255,0,0	chrV	53821	56131	YEL053C	.	-	53901	56102	255,0,0	-402
chrV	84884	85693	YEL035C	.	-	85045	85545	255,0,0	chrV	85693	86173	YEL034W	.	+	85676	86149	255,0,0	-1
chrV	85440	86220	YEL034C-A	.	-	85613	86215	255,0,0	chrV	86220	86391	YEL033W	.	+	86179	86598	255,0,0	-1
chrV	85693	86173	YEL034W	.	+	85676	86149	255,0,0	chrV	84884	85693	YEL035C	.	-	85045	85545	255,0,0	-1
chrV	86220	86391	YEL033W	.	+	86179	86598	255,0,0	chrV	85440	86220	YEL034C-A	.	-	85613	86215	255,0,0	-1
chrV	124668	126181	YEL016C	.	-	124737	126218	255,0,0	chrV	126632	128301	YEL015W	.	+	126629	128284	255,0,0	-452
chrV	126632	128301	YEL015W	.	+	126629	128284	255,0,0	chrV	124668	126181	YEL016C	.	-	124737	126218	255,0,0	-452
chrV	145840	146753	YEL005C	.	-	145907	146755	255,0,0	chrV	146970	148019	YEL004W	.	+	146951	147979	255,0,0	-218
chrV	167749	171826	YER008C	.	-	167808	171818	255,0,0	chrV	172117	172619	YER009W	.	+	172115	172492	255,0,0	-292
chrV	172117	172619	YER009W	.	+	172115	172492	255,0,0	chrV	167749	171826	YER008C	.	-	167808	171818	255,0,0	-292
chrV	192908	194285	YER019W	.	+	192797	194230	255,0,0	chrV	191891	192638	YER018C	.	-	191959	192624	255,0,0	-271
chrV	212553	213181	YER029C	.	-	212587	213177	255,0,0	chrV	213465	213965	YER030W	.	+	213437	213898	255,0,0	-285
chrV	213465	213965	YER030W	.	+	213437	213898	255,0,0	chrV	212553	213181	YER029C	.	-	212587	213177	255,0,0	-285
chrV	213948	214735	YER031C	.	-	214076	214747	255,0,0	chrV	215026	217879	YER032W	.	+	215063	217693	255,0,0	-292
chrV	228444	229350	YER038W-A	.	+	228451	228831	255,0,0	chrV	226977	228217	YER038C	.	-	226858	228252	255,0,0	-228
chrV	254686	256302	YER051W	.	+	254656	256134	255,0,0	chrV	253863	254395	YER050C	.	-	253971	254387	255,0,0	-292
chrV	302754	303305	YER072W	.	+	302806	303195	255,0,0	chrV	301813	302283	YER071C	.	-	301947	302327	255,0,0	-472
chrV	312438	313429	YER076C	.	-	312590	313498	255,0,0	chrV	313429	313925	YER076W-A	.	+	313390	313737	255,0,0	-1
chrV	313429	313925	YER076W-A	.	+	313390	313737	255,0,0	chrV	312438	313429	YER076C	.	-	312590	313498	255,0,0	-1
chrV	316741	318326	YER078C	.	-	316807	318342	255,0,0	chrV	318506	318865	YER078W-A	.	+	318646	318810	255,0,0	-181
chrV	326137	327001	YER083C	.	-	326174	327031	255,0,0	chrV	327001	327553	YER084W	.	+	327065	327451	255,0,0	-1
chrV	327001	327553	YER084W	.	+	327065	327451	255,0,0	chrV	326137	327001	YER083C	.	-	326174	327031	255,0,0	-1
chrV	327484	328138	YER085C	.	-	327619	328140	255,0,0	chrV	328442	330249	YER086W	.	+	328477	330207	255,0,0	-305
chrV	372265	373402	YER106W	.	+	372326	373234	255,0,0	chrV	367802	372006	YER105C	.	-	367838	372013	255,0,0	-260
chrV	399464	400820	YER119C	.	-	399496	400842	255,0,0	chrV	401133	401923	YER120W	.	+	401135	401869	255,0,0	-314
chrV	401133	401923	YER120W	.	+	401135	401869	255,0,0	chrV	399464	400820	YER119C	.	-	399496	400842	255,0,0	-314
chrV	404829	406473	YER123W	.	+	404813	406387	255,0,0	chrV	402849	404370	YER122C	.	-	402871	404352	255,0,0	-460
chrV	413307	414193	YER126C	.	-	413394	414179	255,0,0	chrV	414508	415611	YER127W	.	+	414481	415554	255,0,0	-316
chrV	450432	451298	YER139C	.	-	450563	451243	255,0,0	chrV	451555	453354	YER140W	.	+	451565	453235	255,0,0	-258
chrV	465312	466192	YER148W	.	+	465303	466025	255,0,0	chrV	462897	464847	YER147C	.	-	462968	464842	255,0,0	-466
chrV	475050	476270	YER154W	.	+	475020	476228	255,0,0	chrV	472631	474761	YER153C	.	-	474041	474805	255,0,0	-290
chrV	529488	536036	YER172C	.	-	529530	536021	255,0,0	chrV	536302	538401	YER173W	.	+	536300	538279	255,0,0	-267
chrV	536302	538401	YER173W	.	+	536300	538279	255,0,0	chrV	529488	536036	YER172C	.	-	529530	536021	255,0,0	-267
chrV	540562	541405	YER175W-A	.	+	540650	540814	255,0,0	chrV	539300	540381	YER175C	.	-	539464	540363	255,0,0	-182
chrVI	38739	40162	YFL048C	.	-	38843	40180	255,0,0	chrVI	40458	42617	YFL047W	.	+	40421	42565	255,0,0	-297
chrVI	55298	55971	YFL038C	.	-	55366	55986	255,0,0	chrVI	56325	57824	YFL037W	.	+	56336	57709	255,0,0	-355
chrVI	56325	57824	YFL037W	.	+	56336	57709	255,0,0	chrVI	55298	55971	YFL038C	.	-	55366	55986	255,0,0	-355
chrVI	69060	74404	YFL033C	.	-	69115	74427	255,0,0	chrVI	74556	75920	YFL032W	.	+	74872	75192	255,0,0	-153
chrVI	74556	75920	YFL032W	.	+	74872	75192	255,0,0	chrVI	69060	74404	YFL033C	.	-	69115	74427	255,0,0	-153
chrVI	114986	115727	YFL010C	.	-	115108	115743	255,0,0	chrVI	116159	118551	YFL009W	.	+	116145	118484	255,0,0	-433
chrVI	116159	118551	YFL009W	.	+	116145	118484	255,0,0	chrVI	114986	115727	YFL010C	.	-	115108	115743	255,0,0	-433
chrVI	144991	146909	YFL002C	.	-	145114	146934	255,0,0	chrVI	147071	148481	YFL001W	.	+	147131	148459	255,0,0	-163
chrVI	147071	148481	YFL001W	.	+	147131	148459	255,0,0	chrVI	144991	146909	YFL002C	.	-	145114	146934	255,0,0	-163
chrVI	152565	153119	YFR003C	.	-	152657	153124	255,0,0	chrVI	153402	154358	YFR004W	.	+	153393	154313	255,0,0	-284
chrVI	153402	154358	YFR004W	.	+	153393	154313	255,0,0	chrVI	152565	153119	YFR003C	.	-	152657	153124	255,0,0	-284
chrVI	154355	155842	YFR005C	.	-	154527	155873	255,0,0	chrVI	156119	157799	YFR006W	.	+	156145	157752	255,0,0	-278
chrVI	156119	157799	YFR006W	.	+	156145	157752	255,0,0	chrVI	154355	155842	YFR005C	.	-	154527	155873	255,0,0	-278
chrVI	184715	191379	YFR019W	.	+	184502	191338	255,0,0	chrVI	182971	184273	YFR018C	.	-	183131	184222	255,0,0	-443
chrVI	224806	225947	YFR034C	.	-	225020	225958	255,0,0	chrVI	225947	226573	YFR034W-A	.	+	226022	226309	255,0,0	-1
chrVI	225947	226573	YFR034W-A	.	+	226022	226309	255,0,0	chrVI	224806	225947	YFR034C	.	-	225020	225958	255,0,0	-1
chrVI	229419	232024	YFR038W	.	+	229380	231941	255,0,0	chrVI	227501	229149	YFR037C	.	-	227513	229186	255,0,0	-271
chrVI	237263	238213	YFR041C	.	-	237368	238255	255,0,0	chrVI	238438	239132	YFR042W	.	+	238458	239060	255,0,0	-226
chrVI	238438	239132	YFR042W	.	+	238458	239060	255,0,0	chrVI	237263	238213	YFR041C	.	-	237368	238255	255,0,0	-226
chrVII	37515	38771	YGL246C	.	-	37617	38780	255,0,0	chrVII	39056	41187	YGL245W	.	+	39023	41149	255,0,0	-286
chrVII	39056	41187	YGL245W	.	+	39023	41149	255,0,0	chrVII	37515	38771	YGL246C	.	-	37617	38780	255,0,0	-286
chrVII	48485	49724	YGL239C	.	-	49431	49745	255,0,0	chrVII	49724	52459	YGL238W	.	+	49552	52434	255,0,0	-1
chrVII	49724	52459	YGL238W	.	+	49552	52434	255,0,0	chrVII	48485	49724	YGL239C	.	-	49431	49745	255,0,0	-1
chrVII	73325	73745	YGL226W	.	+	73340	73711	255,0,0	chrVII	72670	73155	YGL226C-A	.	-	72749	73158	255,0,0	-171
chrVII	82459	82907	YGL220W	.	+	82374	82736	255,0,0	chrVII	81375	82265	YGL221C	.	-	81426	82292	255,0,0	-195
chrVII	123630	124330	YGL198W	.	+	123591	124298	255,0,0	chrVII	122611	123476	YGL200C	.	-	122694	123305	255,0,0	-155
chrVII	141870	142209	YGL193C	.	-	141916	142227	255,0,0	chrVII	142209	144810	YGL192W	.	+	142246	144048	255,0,0	-1
chrVII	142209	144810	YGL192W	.	+	142246	144048	255,0,0	chrVII	141870	142209	YGL193C	.	-	141916	142227	255,0,0	-1
chrVII	215696	217373	YGL152C	.	-	216692	217369	255,0,0	chrVII	217373	220919	YGL151W	.	+	217524	220922	255,0,0	-1
chrVII	217373	220919	YGL151W	.	+	217524	220922	255,0,0	chrVII	215696	217373	YGL152C	.	-	216692	217369	255,0,0	-1
chrVII	220997	225558	YGL150C	.	-	221104	225573	255,0,0	chrVII	225558	227594	YGL149W	.	+	225572	225877	255,0,0	-1
chrVII	225558	227594	YGL149W	.	+	225572	225877	255,0,0	chrVII	220997	225558	YGL150C	.	-	221104	225573	255,0,0	-1
chrVII	236237	238129	YGL142C	.	-	236269	238119	255,0,0	chrVII	238373	241165	YGL141W	.	+	238353	241085	255,0,0	-245
chrVII	281620	283958	YGL120C	.	-	281634	283937	255,0,0	chrVII	284421	285965	YGL119W	.	+	284442	285947	255,0,0	-464
chrVII	284421	285965	YGL119W	.	+	284442	285947	255,0,0	chrVII	281620	283958	YGL120C	.	-	281634	283937	255,0,0	-464
chrVII	288336	288443	YGL118C	.	-	288014	288451	255,0,0	chrVII	288443	289266	YGL117W	.	+	288512	289309	255,0,0	-1
chrVII	288443	289266	YGL117W	.	+	288512	289309	255,0,0	chrVII	288336	288443	YGL118C	.	-	288014	288451	255,0,0	-1
chrVII	298088	299719	YGL112C	.	-	298178	299728	255,0,0	chrVII	299992	301506	YGL111W	.	+	299978	301369	255,0,0	-274
chrVII	299992	301506	YGL111W	.	+	299978	301369	255,0,0	chrVII	298088	299719	YGL112C	.	-	298178	299728	255,0,0	-274
chrVII	306563	307089	YGL106W	.	+	306560	307009	255,0,0	chrVII	304248	306277	YGL107C	.	-	304333	306273	255,0,0	-287
chrVII	346325	346927	YGL087C	.	-	346406	346904	255,0,0	chrVII	347039	349410	YGL086W	.	+	347119	349368	255,0,0	-113
chrVII	347039	349410	YGL086W	.	+	347119	349368	255,0,0	chrVII	346325	346927	YGL087C	.	-	346406	346904	255,0,0	-113
chrVII	383669	384697	YGL063W	.	+	383654	384766	255,0,0	chrVII	381476	383176	YGL064C	.	-	381523	383208	255,0,0	-494
chrVII	410002	411279	YGL048C	.	-	410069	411286	255,0,0	chrVII	411516	412172	YGL047W	.	+	411552	412160	255,0,0	-238
chrVII	411516	412172	YGL047W	.	+	411552	412160	255,0,0	chrVII	410002	411279	YGL048C	.	-	410069	411286	255,0,0	-238
chrVII	418537	418661	YGL042C	.	-	418288	418593	255,0,0	chrVII	418845	419402	YGL041W-A	.	+	418825	419289	255,0,0	-185
chrVII	418565	418845	YGL041C-B	.	-	418704	418886	255,0,0	chrVII	418845	419402	YGL041W-A	.	+	418825	419289	255,0,0	-1
chrVII	418845	419402	YGL041W-A	.	+	418825	419289	255,0,0	chrVII	418565	418845	YGL041C-B	.	-	418704	418886	255,0,0	-1
chrVII	458111	459061	YGL019W	.	+	458156	458992	255,0,0	chrVII	457119	457879	YGL020C	.	-	457163	457870	255,0,0	-233
chrVII	459007	459680	YGL018C	.	-	459110	459664	255,0,0	chrVII	459880	461383	YGL017W	.	+	459854	461365	255,0,0	-201
chrVII	459880	461383	YGL017W	.	+	459854	461365	255,0,0	chrVII	459007	459680	YGL018C	.	-	459110	459664	255,0,0	-201
chrVII	475505	476231	YGL010W	.	+	475545	476069	255,0,0	chrVII	474382	475223	YGL011C	.	-	474489	475247	255,0,0	-283
chrVII	482950	482966	YGL007C-A	.	-	482941	483027	255,0,0	chrVII	483111	484085	YGL007W	.	+	483260	483637	255,0,0	-146
chrVII	483111	484085	YGL007W	.	+	483260	483637	255,0,0	chrVII	482950	482966	YGL007C-A	.	-	482941	483027	255,0,0	-146
chrVII	492462	494267	YGL003C	.	-	492474	494174	255,0,0	chrVII	494514	495315	YGL002W	.	+	494517	495167	255,0,0	-248
chrVII	500149	502573	YGR003W	.	+	500132	502366	255,0,0	chrVII	498243	499896	YGR002C	.	-	498476	499906	255,0,0	-254
chrVII	506108	506505	YGR006W	.	+	506070	506825	255,0,0	chrVII	504572	505837	YGR005C	.	-	504657	505859	255,0,0	-272
chrVII	508993	511006	YGR009C	.	-	509047	511002	255,0,0	chrVII	511474	512907	YGR010W	.	+	511545	512732	255,0,0	-469
chrVII	522296	523004	YGR016W	.	+	522261	522833	255,0,0	chrVII	520973	522055	YGR015C	.	-	521090	522076	255,0,0	-242
chrVII	524678	524696	YGR018C	.	-	524365	524694	255,0,0	chrVII	525174	526712	YGR019W	.	+	525229	526644	255,0,0	-479
chrVII	527691	528567	YGR021W	.	+	527632	528504	255,0,0	chrVII	526843	527361	YGR020C	.	-	526973	527329	255,0,0	-331
chrVII	531825	532558	YGR024C	.	-	531883	532596	255,0,0	chrVII	532688	533945	YGR025W	.	+	532639	532941	255,0,0	-131
chrVII	532688	533945	YGR025W	.	+	532639	532941	255,0,0	chrVII	531825	532558	YGR024C	.	-	531883	532596	255,0,0	-131
chrVII	545614	546125	YGR030C	.	-	545681	546157	255,0,0	chrVII	546422	547749	YGR031W	.	+	546441	547469	255,0,0	-298
chrVII	546422	547749	YGR031W	.	+	546441	547469	255,0,0	chrVII	545614	546125	YGR030C	.	-	545681	546157	255,0,0	-298
chrVII	557063	557386	YGR035C	.	-	557072	557422	255,0,0	chrVII	557386	558118	YGR035W-A	.	+	557565	557786	255,0,0	-1
chrVII	557386	558118	YGR035W-A	.	+	557565	557786	255,0,0	chrVII	557063	557386	YGR035C	.	-	557072	557422	255,0,0	-1
chrVII	617665	618034	YGR064W	.	+	617621	617989	255,0,0	chrVII	616260	617270	YGR062C	.	-	616328	617278	255,0,0	-396
chrVII	624943	627067	YGR068C	.	-	625324	627084	255,0,0	chrVII	627067	627218	YGR069W	.	+	627083	627418	255,0,0	-1
chrVII	627067	627218	YGR069W	.	+	627083	627418	255,0,0	chrVII	624943	627067	YGR068C	.	-	625324	627084	255,0,0	-1
chrVII	631605	634074	YGR071C	.	-	631481	634063	255,0,0	chrVII	634296	635511	YGR072W	.	+	634304	635467	255,0,0	-223
chrVII	676611	677623	YGR096W	.	+	676621	677565	255,0,0	chrVII	675638	676176	YGR095C	.	-	675671	676342	255,0,0	-436
chrVII	731308	732934	YGR121C	.	-	731449	732927	255,0,0	chrVII	733105	733624	YGR121W-A	.	+	733412	733627	255,0,0	-172
chrVII	733105	733624	YGR121W-A	.	+	733412	733627	255,0,0	chrVII	731308	732934	YGR121C	.	-	731449	732927	255,0,0	-172
chrVII	763683	765668	YGR138C	.	-	763762	765606	255,0,0	chrVII	765668	766874	YGR139W	.	+	765726	766064	255,0,0	-1
chrVII	765668	766874	YGR139W	.	+	765726	766064	255,0,0	chrVII	763683	765668	YGR138C	.	-	763762	765606	255,0,0	-1
chrVII	843850	844976	YGR173W	.	+	843854	844960	255,0,0	chrVII	842768	843576	YGR172C	.	-	842845	843591	255,0,0	-275
chrVII	845794	846321	YGR174C	.	-	845893	846405	255,0,0	chrVII	846734	846824	YGR174W-A	.	+	846655	846741	255,0,0	-414
chrVII	846734	846824	YGR174W-A	.	+	846655	846741	255,0,0	chrVII	845794	846321	YGR174C	.	-	845893	846405	255,0,0	-414
chrVII	866315	867502	YGR185C	.	-	866336	867520	255,0,0	chrVII	867799	870021	YGR186W	.	+	867774	869981	255,0,0	-298
chrVII	909054	909148	YGR204C-A	.	-	909061	909174	255,0,0	chrVII	909148	910108	YGR205W	.	+	909213	910085	255,0,0	-1
chrVII	909148	910108	YGR205W	.	+	909213	910085	255,0,0	chrVII	909054	909148	YGR204C-A	.	-	909061	909174	255,0,0	-1
chrVII	910731	911632	YGR207C	.	-	910843	911628	255,0,0	chrVII	911889	912833	YGR208W	.	+	911883	912812	255,0,0	-258
chrVII	924719	930861	YGR217W	.	+	924696	930815	255,0,0	chrVII	922594	924459	YGR216C	.	-	922633	924462	255,0,0	-261
chrVII	953983	954666	YGR232W	.	+	953960	954646	255,0,0	chrVII	952511	953494	YGR231C	.	-	952548	953480	255,0,0	-490
chrVII	974843	976440	YGR241C	.	-	974875	976581	255,0,0	chrVII	976440	977806	YGR242W	.	+	976415	976723	255,0,0	-1
chrVII	976440	977806	YGR242W	.	+	976415	976723	255,0,0	chrVII	974843	976440	YGR241C	.	-	974875	976581	255,0,0	-1
chrVII	1025879	1026657	YGR268C	.	-	1026057	1026653	255,0,0	chrVII	1026657	1027160	YGR269W	.	+	1026636	1026962	255,0,0	-1
chrVII	1026657	1027160	YGR269W	.	+	1026636	1026962	255,0,0	chrVII	1025879	1026657	YGR268C	.	-	1026057	1026653	255,0,0	-1
chrVII	1039901	1043064	YGR274C	.	-	1039895	1043095	255,0,0	chrVII	1043317	1043801	YGR275W	.	+	1043276	1043749	255,0,0	-254
chrVII	1043317	1043801	YGR275W	.	+	1043276	1043749	255,0,0	chrVII	1039901	1043064	YGR274C	.	-	1039895	1043095	255,0,0	-254
chrVII	1046758	1048532	YGR278W	.	+	1046731	1048464	255,0,0	chrVII	1045611	1046527	YGR277C	.	-	1045644	1046561	255,0,0	-232
chrVII	1073837	1076430	YGR291C	.	-	1076283	1076504	255,0,0	chrVII	1076760	1078454	YGR292W	.	+	1076599	1078353	255,0,0	-331
chrVII	1076760	1078454	YGR292W	.	+	1076599	1078353	255,0,0	chrVII	1073837	1076430	YGR291C	.	-	1076283	1076504	255,0,0	-331
chrVIII	11791	12354	YHL046C	.	-	11923	12285	255,0,0	chrVIII	12514	12874	YHL045W	.	+	12502	12849	255,0,0	-161
chrVIII	12514	12874	YHL045W	.	+	12502	12849	255,0,0	chrVIII	11791	12354	YHL046C	.	-	11923	12285	255,0,0	-161
chrVIII	25744	26194	YHL037C	.	-	25778	26179	255,0,0	chrVIII	26194	27945	YHL036W	.	+	26241	27881	255,0,0	-1
chrVIII	26194	27945	YHL036W	.	+	26241	27881	255,0,0	chrVIII	25744	26194	YHL037C	.	-	25778	26179	255,0,0	-1
chrVIII	98038	99176	YHL005C	.	-	98828	99220	255,0,0	chrVIII	99176	100491	YHL004W	.	+	99219	100403	255,0,0	-1
chrVIII	99176	100491	YHL004W	.	+	99219	100403	255,0,0	chrVIII	98038	99176	YHL005C	.	-	98828	99220	255,0,0	-1
chrVIII	138728	139908	YHR017W	.	+	138694	139851	255,0,0	chrVIII	136825	138472	YHR016C	.	-	136881	138455	255,0,0	-257
chrVIII	141806	143590	YHR019C	.	-	141894	143558	255,0,0	chrVIII	143909	146107	YHR020W	.	+	143996	146062	255,0,0	-320
chrVIII	143909	146107	YHR020W	.	+	143996	146062	255,0,0	chrVIII	141806	143590	YHR019C	.	-	141894	143558	255,0,0	-320
chrVIII	150894	151592	YHR022C-A	.	-	151217	151306	255,0,0	chrVIII	151592	157510	YHR023W	.	+	151666	157452	255,0,0	-1
chrVIII	151592	157510	YHR023W	.	+	151666	157452	255,0,0	chrVIII	150894	151592	YHR022C-A	.	-	151217	151306	255,0,0	-1
chrVIII	159420	160555	YHR025W	.	+	159438	160511	255,0,0	chrVIII	157613	159156	YHR024C	.	-	157744	159192	255,0,0	-265
chrVIII	170687	172925	YHR031C	.	-	170799	172970	255,0,0	chrVIII	173288	175474	YHR032W	.	+	173344	175089	255,0,0	-364
chrVIII	175372	175557	YHR032C-A	.	-	175275	175394	255,0,0	chrVIII	175557	176951	YHR033W	.	+	175548	176819	255,0,0	-1
chrVIII	175557	176951	YHR033W	.	+	175548	176819	255,0,0	chrVIII	175372	175557	YHR032C-A	.	-	175275	175394	255,0,0	-1
chrVIII	176935	177969	YHR034C	.	-	176965	177999	255,0,0	chrVIII	178215	180185	YHR035W	.	+	178219	180111	255,0,0	-247
chrVIII	207206	207558	YHR049C-A	.	-	207234	207530	255,0,0	chrVIII	207709	209341	YHR050W	.	+	207654	209303	255,0,0	-152
chrVIII	207709	209341	YHR050W	.	+	207654	209303	255,0,0	chrVIII	207206	207558	YHR049C-A	.	-	207234	207530	255,0,0	-152
chrVIII	234912	236614	YHR070W	.	+	234881	236380	255,0,0	chrVIII	233482	234652	YHR069C	.	-	233579	234658	255,0,0	-261
chrVIII	287042	288800	YHR092C	.	-	287081	288811	255,0,0	chrVIII	288950	290074	YHR093W	.	+	289142	289690	255,0,0	-151
chrVIII	288950	290074	YHR093W	.	+	289142	289690	255,0,0	chrVIII	287042	288800	YHR092C	.	-	287081	288811	255,0,0	-151
chrVIII	290839	292530	YHR094C	.	-	290913	292625	255,0,0	chrVIII	292923	294209	YHR095W	.	+	292943	293437	255,0,0	-394
chrVIII	326700	328039	YHR107C	.	-	326813	328036	255,0,0	chrVIII	328326	330074	YHR108W	.	+	328303	330060	255,0,0	-288
chrVIII	340059	341344	YHR115C	.	-	340109	341359	255,0,0	chrVIII	341617	342285	YHR116W	.	+	341665	342120	255,0,0	-274
chrVIII	344266	345597	YHR118C	.	-	344321	345628	255,0,0	chrVIII	346017	349397	YHR119W	.	+	346043	349285	255,0,0	-421
chrVIII	368411	369790	YHR132C	.	-	368502	369794	255,0,0	chrVIII	370056	370586	YHR132W-A	.	+	370054	370449	255,0,0	-267
chrVIII	371843	372640	YHR134W	.	+	371749	372558	255,0,0	chrVIII	370697	371556	YHR133C	.	-	370722	371597	255,0,0	-288
chrVIII	392541	393270	YHR147C	.	-	392639	393283	255,0,0	chrVIII	393561	394390	YHR148W	.	+	393534	394085	255,0,0	-292
chrVIII	393561	394390	YHR148W	.	+	393534	394085	255,0,0	chrVIII	392541	393270	YHR147C	.	-	392639	393283	255,0,0	-292
chrVIII	413580	417263	YHR158C	.	-	413685	417179	255,0,0	chrVIII	417515	419151	YHR159W	.	+	417549	419063	255,0,0	-253
chrVIII	417515	419151	YHR159W	.	+	417549	419063	255,0,0	chrVIII	413580	417263	YHR158C	.	-	413685	417179	255,0,0	-253
chrVIII	450291	451204	YHR173C	.	-	450815	451153	255,0,0	chrVIII	451204	452669	YHR174W	.	+	451327	452640	255,0,0	-1
chrVIII	451204	452669	YHR174W	.	+	451327	452640	255,0,0	chrVIII	450291	451204	YHR173C	.	-	450815	451153	255,0,0	-1
chrVIII	475920	480729	YHR186C	.	-	475999	480672	255,0,0	chrVIII	481012	481997	YHR187W	.	+	480990	481919	255,0,0	-284
chrVIII	481012	481997	YHR187W	.	+	480990	481919	255,0,0	chrVIII	475920	480729	YHR186C	.	-	475999	480672	255,0,0	-284
chrVIII	481941	483808	YHR188C	.	-	482005	483837	255,0,0	chrVIII	484025	486197	YHR189W	.	+	484028	484600	255,0,0	-218
chrVIII	486835	487715	YHR192W	.	+	486826	487662	255,0,0	chrVIII	486213	486611	YHR191C	.	-	486230	486631	255,0,0	-225
chrVIII	487666	488216	YHR193C	.	-	487712	488236	255,0,0	chrVIII	488643	490464	YHR194W	.	+	488657	490396	255,0,0	-428
chrX	26880	29044	YJL214W	.	+	26887	28596	255,0,0	chrX	26097	26740	YJL215C	.	-	26412	26771	255,0,0	-141
chrX	81940	82982	YJL185C	.	-	82095	82976	255,0,0	chrX	83441	83851	YJL184W	.	+	83448	83819	255,0,0	-460
chrX	87518	88529	YJL180C	.	-	87583	88560	255,0,0	chrX	88776	89243	YJL179W	.	+	88787	89116	255,0,0	-248
chrX	88776	89243	YJL179W	.	+	88787	89116	255,0,0	chrX	87518	88529	YJL180C	.	-	87583	88560	255,0,0	-248
chrX	102119	104476	YJL168C	.	-	102227	104428	255,0,0	chrX	104959	106155	YJL167W	.	+	105014	106072	255,0,0	-484
chrX	123861	126265	YJL157C	.	-	123836	126328	255,0,0	chrX	126452	126489	YJL156W-A	.	+	126604	126825	255,0,0	-188
chrX	134193	135928	YJL153C	.	-	134332	135933	255,0,0	chrX	136069	137087	YJL152W	.	+	136174	136533	255,0,0	-142
chrX	136285	136748	YJL151C	.	-	136372	136773	255,0,0	chrX	137096	137217	YJL150W	.	+	137123	137425	255,0,0	-349
chrX	178061	180086	YJL128C	.	-	178097	180103	255,0,0	chrX	180247	180825	YJL127W-A	.	+	180194	180310	255,0,0	-162
chrX	180247	180825	YJL127W-A	.	+	180194	180310	255,0,0	chrX	178061	180086	YJL128C	.	-	178097	180103	255,0,0	-162
chrX	184512	185532	YJL126W	.	+	184501	185424	255,0,0	chrX	181824	184264	YJL127C	.	-	182298	184220	255,0,0	-249
chrX	187963	189437	YJL123C	.	-	188004	189440	255,0,0	chrX	189732	190287	YJL122W	.	+	189716	190243	255,0,0	-296
chrX	228860	231060	YJL103C	.	-	229025	230881	255,0,0	chrX	231319	233792	YJL102W	.	+	231301	233760	255,0,0	-260
chrX	231319	233792	YJL102W	.	+	231301	233760	255,0,0	chrX	228860	231060	YJL103C	.	-	229025	230881	255,0,0	-260
chrX	269873	272542	YJL087C	.	-	270002	272485	255,0,0	chrX	272786	274785	YJL085W	.	+	272827	274698	255,0,0	-245
chrX	271501	272786	YJL086C	.	-	272478	272846	255,0,0	chrX	272786	274785	YJL085W	.	+	272827	274698	255,0,0	-1
chrX	272786	274785	YJL085W	.	+	272827	274698	255,0,0	chrX	271501	272786	YJL086C	.	-	272478	272846	255,0,0	-1
chrX	294096	294927	YJL077C	.	-	294666	295061	255,0,0	chrX	294927	295034	YJL077W-A	.	+	294799	294885	255,0,0	-1
chrX	294142	294186	YJL077W-B	.	+	294047	294145	255,0,0	chrX	291032	293944	YJL078C	.	-	291336	293981	255,0,0	-199
chrX	294927	295034	YJL077W-A	.	+	294799	294885	255,0,0	chrX	294096	294927	YJL077C	.	-	294666	295061	255,0,0	-1
chrX	303129	305201	YJL073W	.	+	303181	305118	255,0,0	chrX	299067	302837	YJL074C	.	-	299157	302849	255,0,0	-293
chrX	305116	305853	YJL072C	.	-	305221	305862	255,0,0	chrX	306077	307949	YJL071W	.	+	306132	307856	255,0,0	-225
chrX	306077	307949	YJL071W	.	+	306132	307856	255,0,0	chrX	305116	305853	YJL072C	.	-	305221	305862	255,0,0	-225
chrX	337327	338234	YJL052C-A	.	-	337884	338003	255,0,0	chrX	338234	339332	YJL052W	.	+	338271	339269	255,0,0	-1
chrX	338234	339332	YJL052W	.	+	338271	339269	255,0,0	chrX	337327	338234	YJL052C-A	.	-	337884	338003	255,0,0	-1
chrX	349517	352164	YJL047C	.	-	349580	352108	255,0,0	chrX	352399	353679	YJL046W	.	+	352386	353615	255,0,0	-236
chrX	352399	353679	YJL046W	.	+	352386	353615	255,0,0	chrX	349517	352164	YJL047C	.	-	349580	352108	255,0,0	-236
chrX	381342	383401	YJL034W	.	+	381327	383375	255,0,0	chrX	380245	381005	YJL035C	.	-	380249	381001	255,0,0	-338
chrX	391784	392384	YJL027C	.	-	391833	392249	255,0,0	chrX	392384	393655	YJL026W	.	+	392404	393603	255,0,0	-1
chrX	392384	393655	YJL026W	.	+	392404	393603	255,0,0	chrX	391784	392384	YJL027C	.	-	391833	392249	255,0,0	-1
chrX	398824	402448	YJL020C	.	-	398937	402410	255,0,0	chrX	402817	405271	YJL019W	.	+	402897	404945	255,0,0	-370
chrX	402817	405271	YJL019W	.	+	402897	404945	255,0,0	chrX	398824	402448	YJL020C	.	-	398937	402410	255,0,0	-370
chrX	405144	407421	YJL015C	.	-	407142	407426	255,0,0	chrX	407568	409242	YJL014W	.	+	407558	409162	255,0,0	-148
chrX	417538	419559	YJL010C	.	-	417562	419562	255,0,0	chrX	419815	422280	YJL009W	.	+	419855	420181	255,0,0	-257
chrX	419815	422280	YJL009W	.	+	419855	420181	255,0,0	chrX	417538	419559	YJL010C	.	-	417562	419562	255,0,0	-257
chrX	432632	433170	YJL003W	.	+	432644	433000	255,0,0	chrX	431391	432181	YJL004C	.	-	431589	432200	255,0,0	-452
chrX	459720	460365	YJR012C	.	-	459795	460418	255,0,0	chrX	460365	461650	YJR013W	.	+	460382	461593	255,0,0	-1
chrX	460365	461650	YJR013W	.	+	460382	461593	255,0,0	chrX	459720	460365	YJR012C	.	-	459795	460418	255,0,0	-1
chrX	486475	490833	YJR031C	.	-	486586	490812	255,0,0	chrX	491103	492319	YJR032W	.	+	491081	492262	255,0,0	-271
chrX	496689	497067	YJR034W	.	+	496683	497009	255,0,0	chrX	492320	496421	YJR033C	.	-	492378	496451	255,0,0	-269
chrX	501436	503990	YJR038C	.	-	503710	504072	255,0,0	chrX	503990	507341	YJR039W	.	+	503936	507301	255,0,0	-1
chrX	503990	507341	YJR039W	.	+	503936	507301	255,0,0	chrX	501436	503990	YJR038C	.	-	503710	504072	255,0,0	-1
chrX	510105	513778	YJR041C	.	-	510239	513763	255,0,0	chrX	514077	516364	YJR042W	.	+	514055	516289	255,0,0	-300
chrX	514077	516364	YJR042W	.	+	514055	516289	255,0,0	chrX	510105	513778	YJR041C	.	-	510239	513763	255,0,0	-300
chrX	553426	554800	YJR062C	.	-	553476	554849	255,0,0	chrX	555211	555677	YJR063W	.	+	555195	555572	255,0,0	-412
chrX	572270	573031	YJR073C	.	-	572315	572935	255,0,0	chrX	573031	573820	YJR074W	.	+	573095	573751	255,0,0	-1
chrX	573031	573820	YJR074W	.	+	573095	573751	255,0,0	chrX	572270	573031	YJR073C	.	-	572315	572935	255,0,0	-1
chrX	586406	587368	YJR088C	.	-	586495	587373	255,0,0	chrX	587788	590600	YJR089W	.	+	587718	590582	255,0,0	-421
chrX	594799	598319	YJR091C	.	-	595061	598336	255,0,0	chrX	598659	603172	YJR092W	.	+	598735	603078	255,0,0	-341
chrX	598659	603172	YJR092W	.	+	598735	603078	255,0,0	chrX	594799	598319	YJR091C	.	-	595061	598336	255,0,0	-341
chrX	615613	616339	YJR099W	.	+	615576	616286	255,0,0	chrX	613118	615174	YJR098C	.	-	613186	615156	255,0,0	-440
chrX	658852	662721	YJR127C	.	-	658917	663059	255,0,0	chrX	662721	663936	YJR128W	.	+	662921	663280	255,0,0	-1
chrX	662721	663936	YJR128W	.	+	662921	663280	255,0,0	chrX	658852	662721	YJR127C	.	-	658917	663059	255,0,0	-1
chrX	698225	700606	YJR143C	.	-	698326	700614	255,0,0	chrX	700891	701733	YJR144W	.	+	700882	701691	255,0,0	-286
chrXI	48981	49775	YKL206C	.	-	49006	49809	255,0,0	chrXI	50071	53372	YKL205W	.	+	50051	53353	255,0,0	-297
chrXI	50071	53372	YKL205W	.	+	50051	53353	255,0,0	chrXI	48981	49775	YKL206C	.	-	49006	49809	255,0,0	-297
chrXI	63783	66877	YKL202W	.	+	63821	64402	255,0,0	chrXI	55883	63333	YKL203C	.	-	55935	63359	255,0,0	-451
chrXI	74849	75551	YKL196C	.	-	74932	75534	255,0,0	chrXI	75827	77108	YKL195W	.	+	75821	77032	255,0,0	-277
chrXI	75827	77108	YKL195W	.	+	75821	77032	255,0,0	chrXI	74849	75551	YKL196C	.	-	74932	75534	255,0,0	-277
chrXI	98392	98621	YKL183C-A	.	-	98395	98607	255,0,0	chrXI	98791	99747	YKL183W	.	+	98721	99641	255,0,0	-171
chrXI	98791	99747	YKL183W	.	+	98721	99641	255,0,0	chrXI	98392	98621	YKL183C-A	.	-	98395	98607	255,0,0	-171
chrXI	120331	122278	YKL174C	.	-	120380	122236	255,0,0	chrXI	122530	125640	YKL173W	.	+	122517	125543	255,0,0	-253
chrXI	161569	162358	YKL154W	.	+	161601	162335	255,0,0	chrXI	159437	161335	YKL155C	.	-	159456	161342	255,0,0	-235
chrXI	247694	248418	YKL102C	.	-	248062	248367	255,0,0	chrXI	248884	253512	YKL101W	.	+	248920	253476	255,0,0	-467
chrXI	259060	259154	YKL096C-B	.	-	259073	259222	255,0,0	chrXI	259154	259584	YKL096W-A	.	+	259253	259531	255,0,0	-1
chrXI	259154	259584	YKL096W-A	.	+	259253	259531	255,0,0	chrXI	259060	259154	YKL096C-B	.	-	259073	259222	255,0,0	-1
chrXI	294557	296241	YKL074C	.	-	294610	296193	255,0,0	chrXI	296427	299134	YKL073W	.	+	296430	299075	255,0,0	-187
chrXI	296427	299134	YKL073W	.	+	296430	299075	255,0,0	chrXI	294557	296241	YKL074C	.	-	294610	296193	255,0,0	-187
chrXI	339641	339730	YKL053W	.	+	339572	339946	255,0,0	chrXI	339119	339399	YKL053C-A	.	-	339182	339442	255,0,0	-243
chrXI	347063	349141	YKL048C	.	-	347214	349136	255,0,0	chrXI	349431	351112	YKL047W	.	+	349463	351013	255,0,0	-291
chrXI	369213	369673	YKL036C	.	-	369528	369920	255,0,0	chrXI	369673	371499	YKL035W	.	+	369891	371390	255,0,0	-1
chrXI	369673	371499	YKL035W	.	+	369891	371390	255,0,0	chrXI	369213	369673	YKL036C	.	-	369528	369920	255,0,0	-1
chrXI	379934	381938	YKL032C	.	-	380065	381858	255,0,0	chrXI	382053	382481	YKL031W	.	+	382072	382485	255,0,0	-116
chrXI	382053	382481	YKL031W	.	+	382072	382485	255,0,0	chrXI	379934	381938	YKL032C	.	-	380065	381858	255,0,0	-116
chrXI	403524	403923	YKL018C-A	.	-	403580	403879	255,0,0	chrXI	404095	405150	YKL018W	.	+	404102	405091	255,0,0	-173
chrXI	404095	405150	YKL018W	.	+	404102	405091	255,0,0	chrXI	403524	403923	YKL018C-A	.	-	403580	403879	255,0,0	-173
chrXI	417361	417934	YKL013C	.	-	417508	418023	255,0,0	chrXI	418284	420126	YKL012W	.	+	418310	420061	255,0,0	-351
chrXI	418284	420126	YKL012W	.	+	418310	420061	255,0,0	chrXI	417361	417934	YKL013C	.	-	417508	418023	255,0,0	-351
chrXI	429282	430190	YKL007W	.	+	429302	430108	255,0,0	chrXI	427246	428785	YKL008C	.	-	427295	428551	255,0,0	-498
chrXI	450367	451276	YKR006C	.	-	450423	451217	255,0,0	chrXI	451422	452043	YKR007W	.	+	451434	451988	255,0,0	-147
chrXI	476138	478151	YKR019C	.	-	476216	478063	255,0,0	chrXI	478292	479046	YKR020W	.	+	478338	478832	255,0,0	-142
chrXI	478292	479046	YKR020W	.	+	478338	478832	255,0,0	chrXI	476138	478151	YKR019C	.	-	476216	478063	255,0,0	-142
chrXI	482055	483065	YKR022C	.	-	482171	483139	255,0,0	chrXI	483397	485064	YKR023W	.	+	483419	485011	255,0,0	-333
chrXI	520885	521778	YKR043C	.	-	520897	521712	255,0,0	chrXI	521962	523397	YKR044W	.	+	522015	523346	255,0,0	-185
chrXI	521962	523397	YKR044W	.	+	522015	523346	255,0,0	chrXI	520885	521778	YKR043C	.	-	520897	521712	255,0,0	-185
chrXI	525268	525504	YKR047W	.	+	525257	525562	255,0,0	chrXI	524137	525117	YKR046C	.	-	524223	525074	255,0,0	-152
chrXI	560729	562345	YKR063C	.	-	560789	562297	255,0,0	chrXI	562515	565169	YKR064W	.	+	562547	565138	255,0,0	-171
chrXI	592818	596339	YKR082W	.	+	592825	596298	255,0,0	chrXI	591450	592464	YKR081C	.	-	591506	592540	255,0,0	-355
chrXI	638866	639911	YKR100C	.	-	638901	639968	255,0,0	chrXI	640378	642721	YKR101W	.	+	640540	642504	255,0,0	-468
chrXI	640378	642721	YKR101W	.	+	640540	642504	255,0,0	chrXI	638866	639911	YKR100C	.	-	638901	639968	255,0,0	-468
chrXII	16607	17684	YLL062C	.	-	16639	17613	255,0,0	chrXII	17958	19751	YLL061W	.	+	17956	19707	255,0,0	-275
chrXII	17958	19751	YLL061W	.	+	17956	19707	255,0,0	chrXII	16607	17684	YLL062C	.	-	16639	17613	255,0,0	-275
chrXII	40689	41260	YLL049W	.	+	40666	41205	255,0,0	chrXII	39704	40354	YLL050C	.	-	39804	40414	255,0,0	-336
chrXII	46680	46735	YLL047W	.	+	46672	47055	255,0,0	chrXII	41222	46220	YLL048C	.	-	41280	46265	255,0,0	-461
chrXII	65242	66484	YLL038C	.	-	65775	66518	255,0,0	chrXII	66484	66641	YLL037W	.	+	66562	66942	255,0,0	-1
chrXII	66484	66641	YLL037W	.	+	66562	66942	255,0,0	chrXII	65242	66484	YLL038C	.	-	65775	66518	255,0,0	-1
chrXII	73418	74194	YLL033W	.	+	73409	74101	255,0,0	chrXII	70649	73150	YLL034C	.	-	70633	73146	255,0,0	-269
chrXII	131108	131432	YLL009C	.	-	131205	131414	255,0,0	chrXII	131720	134044	YLL008W	.	+	131729	133987	255,0,0	-289
chrXII	134307	136326	YLL007C	.	-	134302	136299	255,0,0	chrXII	136326	137893	YLL006W-A	.	+	136345	136521	255,0,0	-1
chrXII	136326	137893	YLL006W-A	.	+	136345	136521	255,0,0	chrXII	134307	136326	YLL007C	.	-	134302	136299	255,0,0	-1
chrXII	136573	137893	YLL006W	.	+	136586	137866	255,0,0	chrXII	134307	136326	YLL007C	.	-	134302	136299	255,0,0	-248
chrXII	165401	166123	YLR008C	.	-	165577	166083	255,0,0	chrXII	166591	167252	YLR009W	.	+	166537	167136	255,0,0	-469
chrXII	166591	167252	YLR009W	.	+	166537	167136	255,0,0	chrXII	165401	166123	YLR008C	.	-	165577	166083	255,0,0	-469
chrXII	172014	174960	YLR014C	.	-	172268	174982	255,0,0	chrXII	175246	176825	YLR015W	.	+	175227	176744	255,0,0	-287
chrXII	175246	176825	YLR015W	.	+	175227	176744	255,0,0	chrXII	172014	174960	YLR014C	.	-	172268	174982	255,0,0	-287
chrXII	176752	177403	YLR016C	.	-	176802	177416	255,0,0	chrXII	177676	178677	YLR017W	.	+	177608	178621	255,0,0	-274
chrXII	177676	178677	YLR017W	.	+	177608	178621	255,0,0	chrXII	176752	177403	YLR016C	.	-	176802	177416	255,0,0	-274
chrXII	183648	184167	YLR021W	.	+	183623	184162	255,0,0	chrXII	181657	183395	YLR020C	.	-	181789	183405	255,0,0	-254
chrXII	247216	248050	YLR052W	.	+	247201	247953	255,0,0	chrXII	246231	246948	YLR051C	.	-	246324	246977	255,0,0	-269
chrXII	263301	264023	YLR062C	.	-	263577	263954	255,0,0	chrXII	264209	265583	YLR063W	.	+	264157	265254	255,0,0	-187
chrXII	264209	265583	YLR063W	.	+	264157	265254	255,0,0	chrXII	263301	264023	YLR062C	.	-	263577	263954	255,0,0	-187
chrXII	267315	267805	YLR066W	.	+	267169	267723	255,0,0	chrXII	266349	266895	YLR065C	.	-	266373	266918	255,0,0	-421
chrXII	267771	270747	YLR067C	.	-	267813	270710	255,0,0	chrXII	271012	271568	YLR068W	.	+	271008	271463	255,0,0	-266
chrXII	271012	271568	YLR068W	.	+	271008	271463	255,0,0	chrXII	267771	270747	YLR067C	.	-	267813	270710	255,0,0	-266
chrXII	278901	280989	YLR072W	.	+	278862	280943	255,0,0	chrXII	275257	278601	YLR071C	.	-	275378	278626	255,0,0	-301
chrXII	285671	286412	YLR078C	.	-	285736	286559	255,0,0	chrXII	286816	287757	YLR079W	.	+	286820	287674	255,0,0	-405
chrXII	300628	301959	YLR085C	.	-	300673	301989	255,0,0	chrXII	302233	306522	YLR086W	.	+	302243	306499	255,0,0	-275
chrXII	329614	332110	YLR095C	.	-	329677	332115	255,0,0	chrXII	332441	336069	YLR096W	.	+	332590	336033	255,0,0	-332
chrXII	339729	340956	YLR099C	.	-	339744	340928	255,0,0	chrXII	341093	341642	YLR099W-A	.	+	341325	341588	255,0,0	-138
chrXII	341093	341642	YLR099W-A	.	+	341325	341588	255,0,0	chrXII	339729	340956	YLR099C	.	-	339744	340928	255,0,0	-138
chrXII	369700	370462	YLR110C	.	-	369697	370098	255,0,0	chrXII	370462	370512	YLR111W	.	+	370391	370723	255,0,0	-1
chrXII	369700	370462	YLR110C	.	-	369697	370098	255,0,0	chrXII	370462	371286	YLR112W	.	+	370791	371210	255,0,0	-1
chrXII	370462	370512	YLR111W	.	+	370391	370723	255,0,0	chrXII	369700	370462	YLR110C	.	-	369697	370098	255,0,0	-1
chrXII	370462	371286	YLR112W	.	+	370791	371210	255,0,0	chrXII	369700	370462	YLR110C	.	-	369697	370098	255,0,0	-1
chrXII	385609	386240	YLR119W	.	+	385534	386175	255,0,0	chrXII	384644	385419	YLR118C	.	-	384725	385408	255,0,0	-191
chrXII	407156	408165	YLR132C	.	-	407283	408155	255,0,0	chrXII	408421	410252	YLR133W	.	+	408445	410193	255,0,0	-257
chrXII	408421	410252	YLR133W	.	+	408445	410193	255,0,0	chrXII	407156	408165	YLR132C	.	-	407283	408155	255,0,0	-257
chrXII	421400	423443	YLR139C	.	-	421542	423473	255,0,0	chrXII	423443	425177	YLR140W	.	+	423474	423800	255,0,0	-1
chrXII	423443	425177	YLR140W	.	+	423474	423800	255,0,0	chrXII	421400	423443	YLR139C	.	-	421542	423473	255,0,0	-1
chrXII	432195	432812	YLR145W	.	+	432168	432773	255,0,0	chrXII	429616	431970	YLR144C	.	-	429677	432016	255,0,0	-226
chrXII	432726	433706	YLR146C	.	-	432823	433725	255,0,0	chrXII	433923	434110	YLR146W-A	.	+	433870	434058	255,0,0	-218
chrXII	433923	434110	YLR146W-A	.	+	433870	434058	255,0,0	chrXII	432726	433706	YLR146C	.	-	432823	433725	255,0,0	-218
chrXII	434056	434636	YLR147C	.	-	434158	434463	255,0,0	chrXII	434636	437513	YLR148W	.	+	434641	437397	255,0,0	-1
chrXII	434636	437513	YLR148W	.	+	434641	437397	255,0,0	chrXII	434056	434636	YLR147C	.	-	434158	434463	255,0,0	-1
chrXII	517968	520451	YLR182W	.	+	517940	520351	255,0,0	chrXII	516604	517702	YLR181C	.	-	516678	517670	255,0,0	-267
chrXII	520434	522085	YLR183C	.	-	520543	522012	255,0,0	chrXII	522085	523331	YLR184W	.	+	522106	522453	255,0,0	-1
chrXII	522085	523331	YLR184W	.	+	522106	522453	255,0,0	chrXII	520434	522085	YLR183C	.	-	520543	522012	255,0,0	-1
chrXII	549037	549467	YLR200W	.	+	549012	549356	255,0,0	chrXII	547748	548772	YLR199C	.	-	547853	548769	255,0,0	-266
chrXII	552292	552726	YLR204W	.	+	552270	552605	255,0,0	chrXII	550572	552020	YLR203C	.	-	550650	551960	255,0,0	-273
chrXII	574224	576465	YLR219W	.	+	574151	576337	255,0,0	chrXII	573392	574023	YLR218C	.	-	573466	573918	255,0,0	-202
chrXII	607168	609521	YLR233C	.	-	607425	609524	255,0,0	chrXII	609787	612265	YLR234W	.	+	609783	611753	255,0,0	-267
chrXII	616230	617314	YLR239C	.	-	616332	617318	255,0,0	chrXII	617572	620219	YLR240W	.	+	617533	620160	255,0,0	-259
chrXII	627150	628235	YLR246W	.	+	627118	628197	255,0,0	chrXII	626433	626912	YLR245C	.	-	626502	626930	255,0,0	-239
chrXII	688955	691117	YLR273C	.	-	689083	691029	255,0,0	chrXII	691572	693948	YLR274W	.	+	691555	693882	255,0,0	-456
chrXII	704285	704475	YLR279W	.	+	704309	704698	255,0,0	chrXII	699924	703950	YLR278C	.	-	699999	704024	255,0,0	-336
chrXII	705207	706167	YLR283W	.	+	705186	706130	255,0,0	chrXII	704161	704971	YLR280C	.	-	704483	704833	255,0,0	-237
chrXII	705207	706167	YLR283W	.	+	705186	706130	255,0,0	chrXII	704161	704971	YLR281C	.	-	704493	704960	255,0,0	-237
chrXII	706112	707087	YLR284C	.	-	706198	707040	255,0,0	chrXII	707400	708239	YLR285W	.	+	707360	708145	255,0,0	-314
chrXII	708159	708479	YLR285C-A	.	-	708168	708338	255,0,0	chrXII	708479	709012	YLR286W-A	.	+	708562	708696	255,0,0	-1
chrXII	708479	709012	YLR286W-A	.	+	708562	708696	255,0,0	chrXII	708159	708479	YLR285C-A	.	-	708168	708338	255,0,0	-1
chrXII	713426	714871	YLR288C	.	-	713480	714904	255,0,0	chrXII	715077	717095	YLR289W	.	+	715089	717026	255,0,0	-207
chrXII	715077	717095	YLR289W	.	+	715089	717026	255,0,0	chrXII	713426	714871	YLR288C	.	-	713480	714904	255,0,0	-207
chrXII	731711	732105	YLR302C	.	-	732191	732553	255,0,0	chrXII	732105	733937	YLR303W	.	+	732542	733876	255,0,0	-1
chrXII	732105	733937	YLR303W	.	+	732542	733876	255,0,0	chrXII	731711	732105	YLR302C	.	-	732191	732553	255,0,0	-1
chrXII	738208	743839	YLR305C	.	-	738161	743863	255,0,0	chrXII	744154	744913	YLR306W	.	+	744151	744851	255,0,0	-316
chrXII	744154	744913	YLR306W	.	+	744151	744851	255,0,0	chrXII	738208	743839	YLR305C	.	-	738161	743863	255,0,0	-316
chrXII	765194	766386	YLR316C	.	-	765266	766358	255,0,0	chrXII	766622	769202	YLR318W	.	+	766542	769196	255,0,0	-237
chrXII	766622	769202	YLR318W	.	+	766542	769196	255,0,0	chrXII	765194	766386	YLR316C	.	-	765266	766358	255,0,0	-237
chrXII	769156	771705	YLR319C	.	-	769318	771684	255,0,0	chrXII	771968	776329	YLR320W	.	+	771940	776304	255,0,0	-264
chrXII	771968	776329	YLR320W	.	+	771940	776304	255,0,0	chrXII	769156	771705	YLR319C	.	-	769318	771684	255,0,0	-264
chrXII	795536	797069	YLR334C	.	-	796698	797078	255,0,0	chrXII	797420	799630	YLR335W	.	+	797430	799592	255,0,0	-352
chrXII	840259	843916	YLR358C	.	-	843487	844050	255,0,0	chrXII	844263	845765	YLR359W	.	+	844282	845730	255,0,0	-348
chrXII	849312	849674	YLR361C-A	.	-	849383	849679	255,0,0	chrXII	849879	852125	YLR362W	.	+	849866	852019	255,0,0	-206
chrXII	849879	852125	YLR362W	.	+	849866	852019	255,0,0	chrXII	849312	849674	YLR361C-A	.	-	849383	849679	255,0,0	-206
chrXII	852095	853196	YLR363C	.	-	852495	853151	255,0,0	chrXII	853473	853855	YLR363W-A	.	+	853461	853718	255,0,0	-278
chrXII	855339	855670	YLR364C-A	.	-	855523	855645	255,0,0	chrXII	855860	857354	YLR367W	.	+	855878	857317	255,0,0	-191
chrXII	855860	857354	YLR367W	.	+	855878	857317	255,0,0	chrXII	855339	855670	YLR364C-A	.	-	855523	855645	255,0,0	-191
chrXII	861575	862269	YLR370C	.	-	861718	862254	255,0,0	chrXII	862725	866842	YLR371W	.	+	862714	866784	255,0,0	-457
chrXII	862725	866842	YLR371W	.	+	862714	866784	255,0,0	chrXII	861575	862269	YLR370C	.	-	861718	862254	255,0,0	-457
chrXII	871663	872800	YLR375W	.	+	871697	872728	255,0,0	chrXII	868631	871350	YLR373C	.	-	868662	871367	255,0,0	-314
chrXII	898146	898873	YLR388W	.	+	898158	898821	255,0,0	chrXII	896303	897726	YLR387C	.	-	896374	897672	255,0,0	-421
chrXII	899499	902655	YLR389C	.	-	899577	902660	255,0,0	chrXII	902941	903464	YLR390W	.	+	903066	903404	255,0,0	-287
chrXII	937534	941042	YLR410W	.	+	937541	940981	255,0,0	chrXII	934455	937242	YLR409C	.	-	934414	937233	255,0,0	-293
chrXII	953278	954961	YLR416C	.	-	954491	954889	255,0,0	chrXII	954961	956735	YLR417W	.	+	955010	956710	255,0,0	-1
chrXII	953278	954961	YLR415C	.	-	954259	954597	255,0,0	chrXII	954961	956735	YLR417W	.	+	955010	956710	255,0,0	-1
chrXII	954961	956735	YLR417W	.	+	955010	956710	255,0,0	chrXII	953278	954961	YLR416C	.	-	954491	954889	255,0,0	-1
chrXII	954961	956735	YLR417W	.	+	955010	956710	255,0,0	chrXII	953278	954961	YLR415C	.	-	954259	954597	255,0,0	-1
chrXII	958408	962782	YLR419W	.	+	958428	962735	255,0,0	chrXII	956778	958135	YLR418C	.	-	956914	958095	255,0,0	-274
chrXII	964894	965502	YLR421C	.	-	965090	965560	255,0,0	chrXII	965826	971760	YLR422W	.	+	965897	971695	255,0,0	-325
chrXII	965826	971760	YLR422W	.	+	965897	971695	255,0,0	chrXII	964894	965502	YLR421C	.	-	965090	965560	255,0,0	-325
chrXII	971698	973191	YLR423C	.	-	971917	973170	255,0,0	chrXII	973414	975621	YLR424W	.	+	973395	975521	255,0,0	-224
chrXII	973414	975621	YLR424W	.	+	973395	975521	255,0,0	chrXII	971698	973191	YLR423C	.	-	971917	973170	255,0,0	-224
chrXII	1011573	1012478	YLR437C-A	.	-	1012459	1012686	255,0,0	chrXII	1012478	1013800	YLR438W	.	+	1012501	1013775	255,0,0	-1
chrXII	1011573	1012226	YLR437C	.	-	1011622	1012023	255,0,0	chrXII	1012478	1013800	YLR438W	.	+	1012501	1013775	255,0,0	-253
chrXII	1012478	1013800	YLR438W	.	+	1012501	1013775	255,0,0	chrXII	1011573	1012478	YLR437C-A	.	-	1012459	1012686	255,0,0	-1
chrXII	1014471	1015563	YLR439W	.	+	1014491	1015450	255,0,0	chrXII	1013912	1014194	YLR438C-A	.	-	1013909	1014178	255,0,0	-278
chrXIII	69652	69731	YML101C-A	.	-	69409	69726	255,0,0	chrXIII	69731	70546	YML100W-A	.	+	70138	70311	255,0,0	-1
chrXIII	69698	69731	YML101C	.	-	69735	70088	255,0,0	chrXIII	69731	70546	YML100W-A	.	+	70138	70311	255,0,0	-1
chrXIII	69731	70546	YML100W-A	.	+	70138	70311	255,0,0	chrXIII	69652	69731	YML101C-A	.	-	69409	69726	255,0,0	-1
chrXIII	69731	70546	YML100W-A	.	+	70138	70311	255,0,0	chrXIII	69698	69731	YML101C	.	-	69735	70088	255,0,0	-1
chrXIII	74391	76950	YML099C	.	-	74398	77040	255,0,0	chrXIII	77289	77856	YML098W	.	+	77267	77770	255,0,0	-340
chrXIII	77289	77856	YML098W	.	+	77267	77770	255,0,0	chrXIII	74391	76950	YML099C	.	-	74398	77040	255,0,0	-340
chrXIII	79934	81513	YML096W	.	+	79909	81486	255,0,0	chrXIII	78282	79496	YML097C	.	-	78335	79690	255,0,0	-439
chrXIII	81251	82667	YML094C-A	.	-	82219	82620	255,0,0	chrXIII	83112	85878	YML093W	.	+	83090	85789	255,0,0	-446
chrXIII	81251	82075	YML095C	.	-	81481	82113	255,0,0	chrXIII	82318	82919	YML094W	.	+	82275	82849	255,0,0	-244
chrXIII	87058	90776	YML091C	.	-	87123	90731	255,0,0	chrXIII	90776	92018	YML090W	.	+	90744	91130	255,0,0	-1
chrXIII	90776	92018	YML090W	.	+	90744	91130	255,0,0	chrXIII	87058	90776	YML091C	.	-	87123	90731	255,0,0	-1
chrXIII	174133	178281	YML049C	.	-	174220	178305	255,0,0	chrXIII	178466	179709	YML048W	.	+	178426	179637	255,0,0	-186
chrXIII	178466	179709	YML048W	.	+	178426	179637	255,0,0	chrXIII	174133	178281	YML049C	.	-	174220	178305	255,0,0	-186
chrXIII	181434	183469	YML046W	.	+	181474	183363	255,0,0	chrXIII	179995	181000	YML047C	.	-	180017	181075	255,0,0	-435
chrXIII	228920	229624	YML022W	.	+	228937	229500	255,0,0	chrXIII	226967	228675	YML023C	.	-	226994	228664	255,0,0	-246
chrXIII	229616	230753	YML021C	.	-	229734	230813	255,0,0	chrXIII	231158	233309	YML020W	.	+	231149	233143	255,0,0	-406
chrXIII	241910	243012	YML015C	.	-	241989	243029	255,0,0	chrXIII	243262	244137	YML014W	.	+	243225	244064	255,0,0	-251
chrXIII	245134	245939	YML012C-A	.	-	245537	245914	255,0,0	chrXIII	246136	246814	YML012W	.	+	246116	246751	255,0,0	-198
chrXIII	246786	247417	YML011C	.	-	246895	247428	255,0,0	chrXIII	247694	250965	YML010W	.	+	247677	250868	255,0,0	-278
chrXIII	324158	325390	YMR026C	.	-	324236	325435	255,0,0	chrXIII	325852	327308	YMR027W	.	+	325877	327289	255,0,0	-463
chrXIII	332031	334716	YMR031C	.	-	332212	334743	255,0,0	chrXIII	334716	337450	YMR031W-A	.	+	334709	335035	255,0,0	-1
chrXIII	334716	337450	YMR031W-A	.	+	334709	335035	255,0,0	chrXIII	332031	334716	YMR031C	.	-	332212	334743	255,0,0	-1
chrXIII	339322	340705	YMR034C	.	-	339418	340722	255,0,0	chrXIII	341168	341764	YMR035W	.	+	341142	341675	255,0,0	-464
chrXIII	341168	341764	YMR035W	.	+	341142	341675	255,0,0	chrXIII	339322	340705	YMR034C	.	-	339418	340722	255,0,0	-464
chrXIII	363313	366714	YMR047C	.	-	363364	366705	255,0,0	chrXIII	367009	368016	YMR048W	.	+	366981	367934	255,0,0	-296
chrXIII	380240	382853	YMR053C	.	-	380346	382898	255,0,0	chrXIII	383315	386003	YMR054W	.	+	383303	385975	255,0,0	-463
chrXIII	388612	388714	YMR057C	.	-	388359	388730	255,0,0	chrXIII	388714	390866	YMR058W	.	+	388822	390732	255,0,0	-1
chrXIII	388714	390866	YMR058W	.	+	388822	390732	255,0,0	chrXIII	388612	388714	YMR057C	.	-	388359	388730	255,0,0	-1
chrXIII	391533	392480	YMR060C	.	-	391532	392515	255,0,0	chrXIII	392778	394826	YMR061W	.	+	392755	394788	255,0,0	-299
chrXIII	422452	424715	YMR078C	.	-	422503	424728	255,0,0	chrXIII	425006	426146	YMR079W	.	+	424989	426059	255,0,0	-292
chrXIII	442051	442284	YMR086C-A	.	-	442026	442364	255,0,0	chrXIII	442519	443404	YMR087W	.	+	442527	443381	255,0,0	-236
chrXIII	442519	443404	YMR087W	.	+	442527	443381	255,0,0	chrXIII	442051	442284	YMR086C-A	.	-	442026	442364	255,0,0	-236
chrXIII	496290	497455	YMR114C	.	-	496343	497449	255,0,0	chrXIII	497741	499301	YMR115W	.	+	497704	499209	255,0,0	-287
chrXIII	510639	511745	YMR122C	.	-	510701	511075	255,0,0	chrXIII	511745	511770	YMR122W-A	.	+	511315	511569	255,0,0	-1
chrXIII	511745	511770	YMR122W-A	.	+	511315	511569	255,0,0	chrXIII	510639	511745	YMR122C	.	-	510701	511075	255,0,0	-1
chrXIII	522120	523402	YMR127C	.	-	522329	523345	255,0,0	chrXIII	523687	527566	YMR128W	.	+	523696	527499	255,0,0	-286
chrXIII	545175	545793	YMR138W	.	+	545155	545730	255,0,0	chrXIII	542983	544994	YMR137C	.	-	542978	544963	255,0,0	-182
chrXIII	561876	562551	YMR150C	.	-	561956	562528	255,0,0	chrXIII	562551	562881	YMR151W	.	+	562506	562943	255,0,0	-1
chrXIII	562551	562881	YMR151W	.	+	562506	562943	255,0,0	chrXIII	561876	562551	YMR150C	.	-	561956	562528	255,0,0	-1
chrXIII	565820	568168	YMR154C	.	-	565999	568182	255,0,0	chrXIII	568591	570295	YMR155W	.	+	568551	570194	255,0,0	-424
chrXIII	568591	570295	YMR155W	.	+	568551	570194	255,0,0	chrXIII	565820	568168	YMR154C	.	-	565999	568182	255,0,0	-424
chrXIII	573903	574840	YMR159C	.	-	574476	574928	255,0,0	chrXIII	575244	577555	YMR160W	.	+	575066	577516	255,0,0	-405
chrXIII	593172	594496	YMR166C	.	-	593367	594473	255,0,0	chrXIII	594915	597213	YMR167W	.	+	594886	597195	255,0,0	-420
chrXIII	594915	597213	YMR167W	.	+	594886	597195	255,0,0	chrXIII	593172	594496	YMR166C	.	-	593367	594473	255,0,0	-420
chrXIII	603746	605635	YMR171C	.	-	603868	605520	255,0,0	chrXIII	606110	608232	YMR172W	.	+	605981	608140	255,0,0	-476
chrXIII	606110	608232	YMR172W	.	+	605981	608140	255,0,0	chrXIII	603746	605635	YMR171C	.	-	603868	605520	255,0,0	-476
chrXIII	626829	627844	YMR183C	.	-	626921	627808	255,0,0	chrXIII	628024	628820	YMR184W	.	+	628189	628785	255,0,0	-181
chrXIII	628024	628820	YMR184W	.	+	628189	628785	255,0,0	chrXIII	626829	627844	YMR183C	.	-	626921	627808	255,0,0	-181
chrXIII	658387	659205	YMR197C	.	-	658545	659198	255,0,0	chrXIII	659678	661618	YMR198W	.	+	659745	661529	255,0,0	-474
chrXIII	659678	661618	YMR198W	.	+	659745	661529	255,0,0	chrXIII	658387	659205	YMR197C	.	-	658545	659198	255,0,0	-474
chrXIII	685825	687247	YMR209C	.	-	685911	687284	255,0,0	chrXIII	687531	688918	YMR210W	.	+	687516	688865	255,0,0	-285
chrXIII	687531	688918	YMR210W	.	+	687516	688865	255,0,0	chrXIII	685825	687247	YMR209C	.	-	685911	687284	255,0,0	-285
chrXIII	690586	692962	YMR212C	.	-	690695	693043	255,0,0	chrXIII	693369	695181	YMR213W	.	+	693381	695153	255,0,0	-408
chrXIII	741353	742714	YMR235C	.	-	741512	742735	255,0,0	chrXIII	743006	743486	YMR236W	.	+	742971	743444	255,0,0	-293
chrXIII	776791	777993	YMR254C	.	-	777615	777923	255,0,0	chrXIII	777993	778659	YMR255W	.	+	778001	778567	255,0,0	-1
chrXIII	777993	778659	YMR255W	.	+	778001	778567	255,0,0	chrXIII	776791	777993	YMR254C	.	-	777615	777923	255,0,0	-1
chrXIII	802735	804229	YMR268C	.	-	802888	804222	255,0,0	chrXIII	804624	805142	YMR269W	.	+	804456	805091	255,0,0	-396
chrXIII	815557	818586	YMR275C	.	-	815651	818581	255,0,0	chrXIII	818851	820026	YMR276W	.	+	818827	819948	255,0,0	-266
chrXIII	840039	841851	YMR285C	.	-	840144	841691	255,0,0	chrXIII	841973	842317	YMR286W	.	+	841942	842202	255,0,0	-123
chrXIII	855333	856780	YMR293C	.	-	855399	856793	255,0,0	chrXIII	857013	858195	YMR294W	.	+	856966	858087	255,0,0	-234
chrXIII	885882	886563	YMR306C-A	.	-	886183	886572	255,0,0	chrXIII	887005	888750	YMR307W	.	+	887003	888682	255,0,0	-443
chrXIII	899280	901233	YMR313C	.	-	899379	901307	255,0,0	chrXIII	901689	902524	YMR314W	.	+	901709	902413	255,0,0	-457
chrXIV	10367	12924	YNL334C	.	-	12208	12876	255,0,0	chrXIV	13338	15997	YNL333W	.	+	13267	14163	255,0,0	-415
chrXIV	43265	44244	YNL315C	.	-	43324	44280	255,0,0	chrXIV	44432	45294	YNL314W	.	+	44447	45214	255,0,0	-189
chrXIV	44432	45294	YNL314W	.	+	44447	45214	255,0,0	chrXIV	43265	44244	YNL315C	.	-	43324	44280	255,0,0	-189
chrXIV	45242	47992	YNL313C	.	-	45308	48022	255,0,0	chrXIV	48295	49244	YNL312W	.	+	48287	49216	255,0,0	-304
chrXIV	77024	78648	YNL295W	.	+	76946	78520	255,0,0	chrXIV	71607	76571	YNL297C	.	-	71673	76583	255,0,0	-454
chrXIV	86242	87288	YNL290W	.	+	86218	87240	255,0,0	chrXIV	84132	85809	YNL291C	.	-	84169	85815	255,0,0	-434
chrXIV	135850	137666	YNL270C	.	-	135940	137661	255,0,0	chrXIV	137666	138591	YNL269W	.	+	137699	138094	255,0,0	-1
chrXIV	137666	138591	YNL269W	.	+	137699	138094	255,0,0	chrXIV	135850	137666	YNL270C	.	-	135940	137661	255,0,0	-1
chrXIV	204920	210021	YNL235C	.	-	209548	209979	255,0,0	chrXIV	210220	211564	YNL234W	.	+	210233	211513	255,0,0	-200
chrXIV	210220	211564	YNL234W	.	+	210233	211513	255,0,0	chrXIV	204920	210021	YNL235C	.	-	209548	209979	255,0,0	-200
chrXIV	220656	221070	YNL228W	.	+	220645	221421	255,0,0	chrXIV	219126	220204	YNL229C	.	-	219137	220201	255,0,0	-453
chrXIV	246392	247159	YNL213C	.	-	246460	247104	255,0,0	chrXIV	247457	249908	YNL212W	.	+	247461	249809	255,0,0	-299
chrXIV	310570	316106	YNL172W	.	+	310636	315882	255,0,0	chrXIV	308884	310095	YNL173C	.	-	308957	310057	255,0,0	-476
chrXIV	315884	315971	YNL171C	.	-	315629	315997	255,0,0	chrXIV	315971	316194	YNL170W	.	+	315978	316373	255,0,0	-1
chrXIV	315971	316194	YNL170W	.	+	315978	316373	255,0,0	chrXIV	315884	315971	YNL171C	.	-	315629	315997	255,0,0	-1
chrXIV	322140	323548	YNL166C	.	-	322219	323565	255,0,0	chrXIV	323805	325142	YNL165W	.	+	323832	325052	255,0,0	-258
chrXIV	326690	330105	YNL163C	.	-	326741	330073	255,0,0	chrXIV	330321	330917	YNL162W-A	.	+	330329	330547	255,0,0	-217
chrXIV	330321	330917	YNL162W-A	.	+	330329	330547	255,0,0	chrXIV	326690	330105	YNL163C	.	-	326741	330073	255,0,0	-217
chrXIV	338336	339343	YNL159C	.	-	338478	339347	255,0,0	chrXIV	339615	340146	YNL158W	.	+	339612	340208	255,0,0	-273
chrXIV	357044	357171	YNL143C	.	-	356794	357186	255,0,0	chrXIV	357520	359022	YNL142W	.	+	357453	358952	255,0,0	-350
chrXIV	357520	359022	YNL142W	.	+	357453	358952	255,0,0	chrXIV	357044	357171	YNL143C	.	-	356794	357186	255,0,0	-350
chrXIV	366038	366490	YNL138W-A	.	+	366033	366412	255,0,0	chrXIV	360779	365787	YNL139C	.	-	360924	365717	255,0,0	-252
chrXIV	381225	381451	YNL130C-A	.	-	381245	381391	255,0,0	chrXIV	381451	382227	YNL129W	.	+	381480	382202	255,0,0	-1
chrXIV	381451	382227	YNL129W	.	+	381480	382202	255,0,0	chrXIV	381225	381451	YNL130C-A	.	-	381245	381391	255,0,0	-1
chrXIV	418895	419808	YNL108C	.	-	419014	419826	255,0,0	chrXIV	420101	420933	YNL107W	.	+	420098	420778	255,0,0	-294
chrXIV	424826	426656	YNL104C	.	-	424895	426754	255,0,0	chrXIV	426656	427106	YNL103W-A	.	+	426719	426808	255,0,0	-1
chrXIV	426656	427106	YNL103W-A	.	+	426719	426808	255,0,0	chrXIV	424826	426656	YNL104C	.	-	424895	426754	255,0,0	-1
chrXIV	454330	457228	YNL089C	.	-	456693	457169	255,0,0	chrXIV	457689	462058	YNL088W	.	+	457704	461990	255,0,0	-462
chrXIV	471414	473055	YNL083W	.	+	471377	472861	255,0,0	chrXIV	470002	471151	YNL084C	.	-	470053	471102	255,0,0	-264
chrXIV	508678	510218	YNL062C	.	-	508776	510212	255,0,0	chrXIV	510524	512487	YNL061W	.	+	510540	512396	255,0,0	-307
chrXIV	515664	516817	YNL058C	.	-	515763	516713	255,0,0	chrXIV	517245	517911	YNL056W	.	+	517249	517842	255,0,0	-429
chrXIV	538177	539893	YNL048W	.	+	538173	539819	255,0,0	chrXIV	535208	537923	YNL049C	.	-	535281	537911	255,0,0	-255
chrXIV	611775	613173	YNL011C	.	-	611836	613170	255,0,0	chrXIV	613626	614450	YNL010W	.	+	613635	614360	255,0,0	-454
chrXIV	622943	624587	YNL004W	.	+	622915	624621	255,0,0	chrXIV	621258	622445	YNL005C	.	-	621313	622428	255,0,0	-499
chrXIV	627440	628662	YNL001W	.	+	627456	628616	255,0,0	chrXIV	626115	627120	YNL002C	.	-	626174	627142	255,0,0	-321
chrXIV	629512	631066	YNR001C	.	-	629622	631061	255,0,0	chrXIV	631225	632777	YNR001W-A	.	+	631263	631481	255,0,0	-160
chrXIV	640361	642618	YNR008W	.	+	640396	642381	255,0,0	chrXIV	638960	640155	YNR007C	.	-	639182	640114	255,0,0	-207
chrXIV	644200	646922	YNR011C	.	-	644320	646950	255,0,0	chrXIV	647398	648982	YNR012W	.	+	647432	648937	255,0,0	-477
chrXIV	647398	648982	YNR012W	.	+	647432	648937	255,0,0	chrXIV	644200	646922	YNR011C	.	-	644320	646950	255,0,0	-477
chrXIV	677123	678309	YNR029C	.	-	677199	678488	255,0,0	chrXIV	678784	680523	YNR030W	.	+	678799	680454	255,0,0	-476
chrXIV	685930	687145	YNR032W	.	+	686010	687116	255,0,0	chrXIV	680609	685503	YNR031C	.	-	680694	685433	255,0,0	-428
chrXIV	687140	687453	YNR032C-A	.	-	687243	687464	255,0,0	chrXIV	687652	690024	YNR033W	.	+	687635	689998	255,0,0	-200
chrXIV	687652	690024	YNR033W	.	+	687635	689998	255,0,0	chrXIV	687140	687453	YNR032C-A	.	-	687243	687464	255,0,0	-200
chrXIV	701928	703133	YNR043W	.	+	701895	703085	255,0,0	chrXIV	700508	701671	YNR041C	.	-	700541	701659	255,0,0	-258
chrXIV	733271	734032	YNR057C	.	-	733356	734069	255,0,0	chrXIV	734370	735844	YNR058W	.	+	734291	735733	255,0,0	-339
chrXIV	734370	735844	YNR058W	.	+	734291	735733	255,0,0	chrXIV	733271	734032	YNR057C	.	-	733356	734069	255,0,0	-339
chrXIV	779307	781567	YNR075C-A	.	-	781511	781603	255,0,0	chrXIV	781859	782412	YNR076W	.	+	781918	782280	255,0,0	-293
chrXIV	781859	782412	YNR076W	.	+	781918	782280	255,0,0	chrXIV	779307	781567	YNR075C-A	.	-	781511	781603	255,0,0	-293
chrXV	43558	44806	YOL150C	.	-	44473	44784	255,0,0	chrXV	44968	45601	YOL149W	.	+	44938	45633	255,0,0	-163
chrXV	48907	49485	YOL146W	.	+	48864	49448	255,0,0	chrXV	47825	48646	YOL147C	.	-	47933	48643	255,0,0	-262
chrXV	49462	52638	YOL145C	.	-	49555	52788	255,0,0	chrXV	53094	54587	YOL144W	.	+	53098	54552	255,0,0	-457
chrXV	53094	54587	YOL144W	.	+	53098	54552	255,0,0	chrXV	49462	52638	YOL145C	.	-	49555	52788	255,0,0	-457
chrXV	54534	55097	YOL143C	.	-	54595	55104	255,0,0	chrXV	55588	56334	YOL142W	.	+	55558	56280	255,0,0	-492
chrXV	61287	65339	YOL138C	.	-	61325	65350	255,0,0	chrXV	65602	67301	YOL137W	.	+	65621	67114	255,0,0	-264
chrXV	69318	70165	YOL135C	.	-	69376	70044	255,0,0	chrXV	70303	70852	YOL133W	.	+	70325	70690	255,0,0	-139
chrXV	70303	70852	YOL133W	.	+	70325	70690	255,0,0	chrXV	69318	70165	YOL135C	.	-	69376	70044	255,0,0	-139
chrXV	103277	103971	YOL114C	.	-	103317	103925	255,0,0	chrXV	104239	106379	YOL113W	.	+	104326	106293	255,0,0	-269
chrXV	104239	106379	YOL113W	.	+	104326	106293	255,0,0	chrXV	103277	103971	YOL114C	.	-	103317	103925	255,0,0	-269
chrXV	108204	108742	YOL111C	.	-	108258	108896	255,0,0	chrXV	109168	109991	YOL110W	.	+	109176	109889	255,0,0	-427
chrXV	111215	111836	YOL108C	.	-	111431	111886	255,0,0	chrXV	112112	113163	YOL107W	.	+	112102	113130	255,0,0	-277
chrXV	142813	143751	YOL093W	.	+	142815	143696	255,0,0	chrXV	141580	142543	YOL094C	.	-	141584	142555	255,0,0	-271
chrXV	155274	158716	YOL087C	.	-	155287	158637	255,0,0	chrXV	159154	159532	YOL086W-A	.	+	159173	159445	255,0,0	-439
chrXV	160969	162213	YOL085C	.	-	161673	162014	255,0,0	chrXV	162213	165458	YOL084W	.	+	162356	165331	255,0,0	-1
chrXV	162213	165458	YOL084W	.	+	162356	165331	255,0,0	chrXV	160969	162213	YOL085C	.	-	161673	162014	255,0,0	-1
chrXV	187046	189481	YOL076W	.	+	187024	189414	255,0,0	chrXV	185804	186764	YOL077C	.	-	185848	186723	255,0,0	-283
chrXV	248299	249620	YOL043C	.	-	248392	249534	255,0,0	chrXV	249788	250998	YOL042W	.	+	249825	250916	255,0,0	-169
chrXV	249788	250998	YOL042W	.	+	249825	250916	255,0,0	chrXV	248299	249620	YOL043C	.	-	248392	249534	255,0,0	-169
chrXV	255341	256073	YOL038W	.	+	255337	256101	255,0,0	chrXV	254806	255069	YOL038C-A	.	-	254926	255021	255,0,0	-273
chrXV	310323	311057	YOL008W	.	+	310312	310935	255,0,0	chrXV	309263	310137	YOL009C	.	-	309324	310139	255,0,0	-187
chrXV	361427	363946	YOR017W	.	+	361412	363814	255,0,0	chrXV	360336	361134	YOR016C	.	-	360461	361084	255,0,0	-294
chrXV	383488	384498	YOR028C	.	-	383533	384420	255,0,0	chrXV	384674	385799	YOR029W	.	+	384600	384935	255,0,0	-177
chrXV	384674	385799	YOR029W	.	+	384600	384935	255,0,0	chrXV	383488	384498	YOR028C	.	-	383533	384420	255,0,0	-177
chrXV	397602	400084	YOR035C	.	-	397735	400104	255,0,0	chrXV	400362	401276	YOR036W	.	+	400348	401214	255,0,0	-279
chrXV	400362	401276	YOR036W	.	+	400348	401214	255,0,0	chrXV	397602	400084	YOR035C	.	-	397735	400104	255,0,0	-279
chrXV	453715	455901	YOR069W	.	+	453768	455795	255,0,0	chrXV	451703	453464	YOR067C	.	-	451729	453462	255,0,0	-252
chrXV	459265	461185	YOR071C	.	-	459480	461276	255,0,0	chrXV	461377	461730	YOR072W	.	+	461502	461816	255,0,0	-193
chrXV	461377	461730	YOR072W	.	+	461502	461816	255,0,0	chrXV	459265	461185	YOR071C	.	-	459480	461276	255,0,0	-193
chrXV	471914	472745	YOR077W	.	+	471899	472597	255,0,0	chrXV	469301	471617	YOR076C	.	-	469377	471620	255,0,0	-298
chrXV	479396	479524	YOR082C	.	-	479296	479637	255,0,0	chrXV	479524	481259	YOR083W	.	+	479533	480420	255,0,0	-1
chrXV	479524	481259	YOR083W	.	+	479533	480420	255,0,0	chrXV	479396	479524	YOR082C	.	-	479296	479637	255,0,0	-1
chrXV	493387	494528	YOR091W	.	+	493433	494470	255,0,0	chrXV	491073	492918	YOR090C	.	-	491123	492841	255,0,0	-470
chrXV	497397	502474	YOR093C	.	-	497506	502452	255,0,0	chrXV	502732	503476	YOR094W	.	+	502795	503346	255,0,0	-259
chrXV	502732	503476	YOR094W	.	+	502795	503346	255,0,0	chrXV	497397	502474	YOR093C	.	-	497506	502452	255,0,0	-259
chrXV	524684	524885	YOR108C-A	.	-	524605	524814	255,0,0	chrXV	525341	528738	YOR109W	.	+	525278	528601	255,0,0	-457
chrXV	572183	572844	YOR131C	.	-	572182	572838	255,0,0	chrXV	573143	574859	YOR132W	.	+	573175	574830	255,0,0	-300
chrXV	589917	592565	YOR141C	.	-	589942	592587	255,0,0	chrXV	593038	594213	YOR142W	.	+	593057	594046	255,0,0	-474
chrXV	593038	594213	YOR142W	.	+	593057	594046	255,0,0	chrXV	589917	592565	YOR141C	.	-	589942	592587	255,0,0	-474
chrXV	630911	631777	YOR157C	.	-	630966	631751	255,0,0	chrXV	631996	633140	YOR158W	.	+	632164	633120	255,0,0	-220
chrXV	643292	644313	YOR164C	.	-	643394	644332	255,0,0	chrXV	644549	646981	YOR165W	.	+	644566	646896	255,0,0	-237
chrXV	644549	646981	YOR165W	.	+	644566	646896	255,0,0	chrXV	643292	644313	YOR164C	.	-	643394	644332	255,0,0	-237
chrXV	654221	656584	YOR172W	.	+	654210	656570	255,0,0	chrXV	651988	653942	YOR171C	.	-	652010	653884	255,0,0	-280
chrXV	678149	678781	YOR182C	.	-	678191	678793	255,0,0	chrXV	678957	679333	YOR183W	.	+	678872	679261	255,0,0	-177
chrXV	678957	679333	YOR183W	.	+	678872	679261	255,0,0	chrXV	678149	678781	YOR182C	.	-	678191	678793	255,0,0	-177
chrXV	711627	712551	YOR194C	.	-	711683	712543	255,0,0	chrXV	712839	715439	YOR195W	.	+	712866	715331	255,0,0	-289
chrXV	720372	722653	YOR200W	.	+	720417	720815	255,0,0	chrXV	718528	720080	YOR198C	.	-	718653	720065	255,0,0	-293
chrXV	720444	721675	YOR201C	.	-	720470	721708	255,0,0	chrXV	721962	722653	YOR202W	.	+	721946	722608	255,0,0	-288
chrXV	721962	722653	YOR202W	.	+	721946	722608	255,0,0	chrXV	720444	721675	YOR201C	.	-	720470	721708	255,0,0	-288
chrXV	725601	727223	YOR205C	.	-	725564	727234	255,0,0	chrXV	727503	729698	YOR206W	.	+	727512	729644	255,0,0	-281
chrXV	760733	761256	YOR224C	.	-	760825	761265	255,0,0	chrXV	761256	762374	YOR225W	.	+	761392	761721	255,0,0	-1
chrXV	761256	762374	YOR225W	.	+	761392	761721	255,0,0	chrXV	760733	761256	YOR224C	.	-	760825	761265	255,0,0	-1
chrXV	779881	780190	YOR235W	.	+	779870	780184	255,0,0	chrXV	778519	779432	YOR234C	.	-	778555	779405	255,0,0	-450
chrXV	808209	810754	YOR256C	.	-	808254	810683	255,0,0	chrXV	811034	811525	YOR257W	.	+	811008	811493	255,0,0	-281
chrXV	812347	813522	YOR259C	.	-	812395	813708	255,0,0	chrXV	813967	815778	YOR260W	.	+	813984	815720	255,0,0	-446
chrXV	817269	818427	YOR262W	.	+	817292	818335	255,0,0	chrXV	815846	816997	YOR261C	.	-	815915	816931	255,0,0	-273
chrXV	825407	825988	YOR268C	.	-	825534	825932	255,0,0	chrXV	826318	827980	YOR269W	.	+	826385	827869	255,0,0	-331
chrXV	838967	841046	YOR275C	.	-	839084	841069	255,0,0	chrXV	841338	841885	YOR276W	.	+	841333	841818	255,0,0	-293
chrXV	841338	841885	YOR276W	.	+	841333	841818	255,0,0	chrXV	838967	841046	YOR275C	.	-	839084	841069	255,0,0	-293
chrXV	846178	847118	YOR281C	.	-	846269	847129	255,0,0	chrXV	847397	848228	YOR283W	.	+	847453	848145	255,0,0	-280
chrXV	853412	854144	YOR289W	.	+	853357	854112	255,0,0	chrXV	852042	853073	YOR288C	.	-	852121	853077	255,0,0	-340
chrXV	874612	875334	YOR297C	.	-	874743	875321	255,0,0	chrXV	875581	877082	YOR298W	.	+	875599	877038	255,0,0	-248
chrXV	901669	902936	YOR313C	.	-	901858	902874	255,0,0	chrXV	902936	904734	YOR314W	.	+	903043	903372	255,0,0	-1
chrXV	902936	904734	YOR314W	.	+	903043	903372	255,0,0	chrXV	901669	902936	YOR313C	.	-	901858	902874	255,0,0	-1
chrXV	912810	913590	YOR319W	.	+	912822	913463	255,0,0	chrXV	911703	912480	YOR318C	.	-	911784	912436	255,0,0	-331
chrXV	1023472	1024539	YOR364W	.	+	1023371	1023739	255,0,0	chrXV	1019938	1023246	YOR363C	.	-	1020222	1023212	255,0,0	-227
chrXV	1036803	1039464	YOR373W	.	+	1036834	1039389	255,0,0	chrXV	1034495	1036486	YOR372C	.	-	1034807	1036471	255,0,0	-318
chrXV	1043173	1045500	YOR376W	.	+	1043191	1043559	255,0,0	chrXV	1041608	1042978	YOR375C	.	-	1041678	1043042	255,0,0	-196
chrXV	1051032	1051146	YOR379C	.	-	1050726	1051064	255,0,0	chrXV	1051272	1052951	YOR380W	.	+	1051290	1052930	255,0,0	-127
chrXV	1051272	1052951	YOR380W	.	+	1051290	1052930	255,0,0	chrXV	1051032	1051146	YOR379C	.	-	1050726	1051064	255,0,0	-127
chrXV	1078212	1079233	YOR391C	.	-	1078545	1079258	255,0,0	chrXV	1079233	1079512	YOR392W	.	+	1079282	1079725	255,0,0	-1
chrXV	1079233	1079512	YOR392W	.	+	1079282	1079725	255,0,0	chrXV	1078212	1079233	YOR391C	.	-	1078545	1079258	255,0,0	-1
chrXVI	85577	86988	YPL245W	.	+	85586	86950	255,0,0	chrXVI	84428	85299	YPL246C	.	-	84509	85297	255,0,0	-279
chrXVI	86959	88011	YPL244C	.	-	87014	88033	255,0,0	chrXVI	88460	90365	YPL243W	.	+	88517	90316	255,0,0	-450
chrXVI	150625	151454	YPL213W	.	+	150614	151330	255,0,0	chrXVI	148537	150247	YPL214C	.	-	148569	150191	255,0,0	-379
chrXVI	163804	164315	YPL205C	.	-	163922	164266	255,0,0	chrXVI	164315	165854	YPL204W	.	+	164276	165760	255,0,0	-1
chrXVI	164315	165854	YPL204W	.	+	164276	165760	255,0,0	chrXVI	163804	164315	YPL205C	.	-	163922	164266	255,0,0	-1
chrXVI	171579	173481	YPL200W	.	+	171484	171954	255,0,0	chrXVI	169754	171207	YPL201C	.	-	169770	171155	255,0,0	-373
chrXVI	172003	172708	YPL199C	.	-	172033	172755	255,0,0	chrXVI	173134	174778	YPL198W	.	+	173152	174702	255,0,0	-427
chrXVI	174672	174848	YPL197C	.	-	174343	174756	255,0,0	chrXVI	174981	175897	YPL196W	.	+	175043	175864	255,0,0	-134
chrXVI	174981	175897	YPL196W	.	+	175043	175864	255,0,0	chrXVI	174672	174848	YPL197C	.	-	174343	174756	255,0,0	-134
chrXVI	215886	218347	YPL176C	.	-	216012	218363	255,0,0	chrXVI	218639	220152	YPL175W	.	+	218630	220088	255,0,0	-293
chrXVI	218639	220152	YPL175W	.	+	218630	220088	255,0,0	chrXVI	215886	218347	YPL176C	.	-	216012	218363	255,0,0	-293
chrXVI	220093	222716	YPL174C	.	-	220167	222773	255,0,0	chrXVI	223131	224168	YPL173W	.	+	223143	224036	255,0,0	-416
chrXVI	231299	232561	YPL168W	.	+	231217	232509	255,0,0	chrXVI	228905	230829	YPL169C	.	-	229039	230838	255,0,0	-471
chrXVI	232523	237084	YPL167C	.	-	232593	237107	255,0,0	chrXVI	237361	239155	YPL166W	.	+	237338	237979	255,0,0	-278
chrXVI	237361	239155	YPL166W	.	+	237338	237979	255,0,0	chrXVI	232523	237084	YPL167C	.	-	232593	237107	255,0,0	-278
chrXVI	254753	255829	YPL157W	.	+	254814	255761	255,0,0	chrXVI	251981	254324	YPL158C	.	-	252034	254310	255,0,0	-430
chrXVI	261546	264127	YPL153C	.	-	261727	264192	255,0,0	chrXVI	264576	265550	YPL152W-A	.	+	264602	264700	255,0,0	-450
chrXVI	264576	265550	YPL152W-A	.	+	264602	264700	255,0,0	chrXVI	261546	264127	YPL153C	.	-	261727	264192	255,0,0	-450
chrXVI	272141	272759	YPL148C	.	-	272294	272815	255,0,0	chrXVI	273239	275940	YPL147W	.	+	273255	275867	255,0,0	-481
chrXVI	301763	302663	YPL132W	.	+	301716	302618	255,0,0	chrXVI	299842	301303	YPL133C	.	-	299888	301228	255,0,0	-461
chrXVI	319386	321675	YPL121C	.	-	320962	321630	255,0,0	chrXVI	322096	323837	YPL120W	.	+	322071	323744	255,0,0	-422
chrXVI	352796	355386	YPL105C	.	-	352863	355412	255,0,0	chrXVI	355687	357694	YPL104W	.	+	355700	357676	255,0,0	-302
chrXVI	366947	368058	YPL096W	.	+	366927	368018	255,0,0	chrXVI	366481	366585	YPL096C-A	.	-	366529	366735	255,0,0	-363
chrXVI	370958	372954	YPL093W	.	+	370978	372921	255,0,0	chrXVI	369766	370640	YPL094C	.	-	369839	370663	255,0,0	-319
chrXVI	404779	406605	YPL080C	.	-	406172	406498	255,0,0	chrXVI	406605	407614	YPL079W	.	+	406636	407539	255,0,0	-1
chrXVI	406605	407614	YPL079W	.	+	406636	407539	255,0,0	chrXVI	404779	406605	YPL080C	.	-	406172	406498	255,0,0	-1
chrXVI	409230	410093	YPL077C	.	-	409368	410090	255,0,0	chrXVI	410510	411419	YPL076W	.	+	410443	411285	255,0,0	-418
chrXVI	410510	411419	YPL076W	.	+	410443	411285	255,0,0	chrXVI	409230	410093	YPL077C	.	-	409368	410090	255,0,0	-418
chrXVI	419963	420558	YPL071C	.	-	420048	420518	255,0,0	chrXVI	420954	422738	YPL070W	.	+	420948	422786	255,0,0	-397
chrXVI	428653	429609	YPL064C	.	-	428711	429616	255,0,0	chrXVI	430016	431429	YPL063W	.	+	429939	431369	255,0,0	-408
chrXVI	479215	480197	YPL039W	.	+	479225	480175	255,0,0	chrXVI	475944	478968	YPL040C	.	-	475993	479001	255,0,0	-248
chrXVI	502669	503246	YPL025C	.	-	502473	503030	255,0,0	chrXVI	503532	504307	YPL024W	.	+	503517	504242	255,0,0	-287
chrXVI	503532	504307	YPL024W	.	+	503517	504242	255,0,0	chrXVI	502669	503246	YPL025C	.	-	502473	503030	255,0,0	-287
chrXVI	504298	506391	YPL023C	.	-	504339	506312	255,0,0	chrXVI	506649	510025	YPL022W	.	+	506697	509999	255,0,0	-259
chrXVI	506649	510025	YPL022W	.	+	506697	509999	255,0,0	chrXVI	504298	506391	YPL023C	.	-	504339	506312	255,0,0	-259
chrXVI	534984	535690	YPL010W	.	+	535018	535587	255,0,0	chrXVI	533536	534689	YPL011C	.	-	533642	534703	255,0,0	-296
chrXVI	553367	554302	YPL002C	.	-	553627	554328	255,0,0	chrXVI	554602	555725	YPL001W	.	+	554605	555729	255,0,0	-301
chrXVI	554602	555725	YPL001W	.	+	554605	555729	255,0,0	chrXVI	553367	554302	YPL002C	.	-	553627	554328	255,0,0	-301
chrXVI	584345	584603	YPR012W	.	+	584309	584563	255,0,0	chrXVI	582958	584064	YPR011C	.	-	583062	584042	255,0,0	-282
chrXVI	608753	610033	YPR023C	.	-	608826	610031	255,0,0	chrXVI	610511	613176	YPR024W	.	+	610481	612724	255,0,0	-479
chrXVI	647346	648418	YPR040W	.	+	647305	648375	255,0,0	chrXVI	646380	647054	YPR037C	.	-	646448	647038	255,0,0	-293
chrXVI	650441	653736	YPR042C	.	-	650435	653662	255,0,0	chrXVI	654158	654887	YPR043W	.	+	654166	654847	255,0,0	-423
chrXVI	661058	664692	YPR049C	.	-	661137	664673	255,0,0	chrXVI	664986	665548	YPR051W	.	+	664960	665490	255,0,0	-295
chrXVI	675906	676909	YPR061C	.	-	675977	676882	255,0,0	chrXVI	677185	677706	YPR062W	.	+	677165	677641	255,0,0	-277
chrXVI	695166	695192	YPR074W-A	.	+	695018	695188	255,0,0	chrXVI	692696	694811	YPR074C	.	-	692796	694838	255,0,0	-356
chrXVI	708412	709849	YPR085C	.	-	708497	709828	255,0,0	chrXVI	710106	711305	YPR086W	.	+	710101	711138	255,0,0	-258
chrXVI	716095	718451	YPR091C	.	-	716156	718468	255,0,0	chrXVI	718451	719558	YPR092W	.	+	718379	718684	255,0,0	-1
chrXVI	718451	719558	YPR092W	.	+	718379	718684	255,0,0	chrXVI	716095	718451	YPR091C	.	-	716156	718468	255,0,0	-1
chrXVI	719540	720472	YPR093C	.	-	719558	720424	255,0,0	chrXVI	720654	721007	YPR094W	.	+	720637	720960	255,0,0	-183
chrXVI	720654	721007	YPR094W	.	+	720637	720960	255,0,0	chrXVI	719540	720472	YPR093C	.	-	719558	720424	255,0,0	-183
chrXVI	721969	725200	YPR096C	.	-	724842	725144	255,0,0	chrXVI	725361	728630	YPR097W	.	+	725394	728615	255,0,0	-162
chrXVI	725361	728630	YPR097W	.	+	725394	728615	255,0,0	chrXVI	721969	725200	YPR096C	.	-	724842	725144	255,0,0	-162
chrXVI	740073	741405	YPR106W	.	+	740061	741392	255,0,0	chrXVI	736941	739580	YPR105C	.	-	736984	739569	255,0,0	-494
chrXVI	741361	742127	YPR107C	.	-	741438	742064	255,0,0	chrXVI	742414	743797	YPR108W	.	+	742454	743743	255,0,0	-288
chrXVI	742414	743797	YPR108W	.	+	742454	743743	255,0,0	chrXVI	741361	742127	YPR107C	.	-	741438	742064	255,0,0	-288
chrXVI	793752	794488	YPR131C	.	-	793911	794498	255,0,0	chrXVI	794971	795809	YPR132W	.	+	794965	795767	255,0,0	-484
chrXVI	813076	814063	YPR139C	.	-	813156	814058	255,0,0	chrXVI	814338	815606	YPR140W	.	+	814391	815536	255,0,0	-276
chrXVI	818332	819088	YPR143W	.	+	818323	819075	255,0,0	chrXVI	815790	817840	YPR141C	.	-	815734	817923	255,0,0	-493
chrXVI	882920	883277	YPR170C	.	-	882983	883318	255,0,0	chrXVI	883277	883673	YPR169W-A	.	+	883239	883457	255,0,0	-1
chrXVI	882920	883277	YPR170C	.	-	882983	883318	255,0,0	chrXVI	883277	883673	YPR170W-B	.	+	883239	883595	255,0,0	-1
chrXVI	883277	883673	YPR169W-A	.	+	883239	883457	255,0,0	chrXVI	882920	883277	YPR170C	.	-	882983	883318	255,0,0	-1
chrXVI	883277	883673	YPR170W-B	.	+	883239	883595	255,0,0	chrXVI	882920	883277	YPR170C	.	-	882983	883318	255,0,0	-1
chrXVI	888978	891065	YPR175W	.	+	888974	891043	255,0,0	chrXVI	887948	888686	YPR174C	.	-	888043	888708	255,0,0	-293
chrXVI	890987	892073	YPR176C	.	-	891101	892078	255,0,0	chrXVI	892323	893756	YPR178W	.	+	892332	893729	255,0,0	-251
chrXVI	912696	917028	YPR189W	.	+	912664	916962	255,0,0	chrXVI	911936	912440	YPR188C	.	-	911988	912479	255,0,0	-257
chrXVI	917008	919023	YPR190C	.	-	917077	919041	255,0,0	chrXVI	919334	920572	YPR191W	.	+	919381	920487	255,0,0	-312
chrXVI	919334	920572	YPR191W	.	+	919381	920487	255,0,0	chrXVI	917008	919023	YPR190C	.	-	917077	919041	255,0,0	-312
chrXVI	939200	939718	YPR200C	.	-	939279	939671	255,0,0	chrXVI	939888	941477	YPR201W	.	+	939922	941136	255,0,0	-171
chrXVI	939888	941477	YPR201W	.	+	939922	941136	255,0,0	chrXVI	939200	939718	YPR200C	.	-	939279	939671	255,0,0	-171
